Наименование;"Наименование артикула";"Код артикула";Валюта;Цена;"Доступен для заказа";"Зачеркнутая цена";"Закупочная цена";"Краткое описание";Описание;Теги;Заголовок;"META Keywords";"META Description";"Ссылка на витрину";Производитель;Объем;Размеры;Изображения
"Temporary";"";"";"";"";"";"";"";"";"";"";"";"";"";"";"";"";""
"!LavaToys";"";"";"";"";"";"";"";"";"";"";"";"";"";"";"";"";""
"!!Бегемоты";"";"";"";"";"";"";"";"";"";"";"";"";"";"";"";"";""
"Бегемотик в полосатой маечке";"";"8668";"RUB";"249";"1";"499";"";"";"";"";"Бегемотик в полосатой маечке";"";"";"begemotik-v-polosatoy-maechke";"";"";"Высота: 20,5 см";"http://www.lavatoys.ru/media/thumbs/fd/60/fd60c93f7c96e7e90d54f13b0a7fd52f.jpg"
"Бегемот в цветных штанишках";"";"876";"RUB";"369";"1";"569";"";"";"";"";"Бегемот в цветных штанишках";"";"";"begemot-v-tsvetnykh-shtanishkakh";"";"";"Высота: 22 см";"http://www.lavatoys.ru/media/thumbs/b3/6b/b36b1a96187384721a2d73566a122115.jpg"
"!!Белки";"";"";"";"";"";"";"";"";"";"";"";"";"";"";"";"";""
"Бельчонок-малыш";"";"964";"RUB";"269";"1";"499";"";"";"";"";"Бельчонок-малыш";"";"";"belchonok-malysh";"";"";"Высота: 21 см";"http://www.lavatoys.ru/media/thumbs/d8/0b/d80bef60d9828145c39badcdd0d1e3e7.jpg"
"Бельчонок";"";"8754";"RUB";"299";"1";"";"";"";"";"";"Бельчонок";"";"";"belchonok";"";"";"Высота: 16,5 см";"http://www.lavatoys.ru/media/thumbs/67/45/6745d12771b53b3d845610937e9b00b2.jpg"
"Белочка Тутти";"";"1226";"RUB";"169";"1";"339";"";"";"";"";"Белочка Тутти";"";"";"belochka-tutti";"";"";"Высота: 18 см";"http://www.lavatoys.ru/media/thumbs/d0/a9/d0a945b4b110380c8ae4049d34de2682.jpg"
"Белочка";"";"8791";"RUB";"219";"1";"419";"";"";"";"";"Белочка";"";"";"belochka";"";"";"Высота: 19 см";"http://www.lavatoys.ru/media/thumbs/c2/a3/c2a33b21c6ce49c1c474f8ecd8439044.jpg"
"Белка-девочка";"";"8650";"RUB";"269";"1";"399";"";"";"";"";"Белка-девочка";"";"";"belka-devochka";"";"";"Высота: 17,5 см";"http://www.lavatoys.ru/media/thumbs/91/28/91287fabc04b5171acf49fb09aadd7a6.jpg"
"Белка средняя";"";"289B";"RUB";"469";"1";"699";"";"";"";"";"Белка средняя";"";"";"belka-srednyaya";"";"";"Высота: 25,5 см";"http://www.lavatoys.ru/media/thumbs/c4/0a/c40a2844112fa5c1ff8b3f86df89caff.jpg"
"Белка малая";"";"289A";"RUB";"369";"1";"";"";"";"";"";"Белка малая";"";"";"belka-malaya";"";"";"Высота: 19,5 см";"http://www.lavatoys.ru/media/thumbs/01/f6/01f63311540f7b8a051543030c083f51.jpg"
"!!Бобры";"";"";"";"";"";"";"";"";"";"";"";"";"";"";"";"";""
"Бобёр";"";"8084";"RUB";"199";"1";"399";"";"";"";"";"Бобёр";"";"";"bobёr";"";"";"Высота: 19 см";"http://www.lavatoys.ru/media/thumbs/5a/a2/5aa26be41dea749d22aa0bf5691b75fe.jpg"
"!!Верблюды";"";"";"";"";"";"";"";"";"";"";"";"";"";"";"";"";""
"Верблюжонок Диди";"";"1208";"RUB";"199";"1";"499";"";"";"";"";"Верблюжонок Диди";"";"";"verblyuzhonok-didi";"";"";"Высота: 27 см";"http://www.lavatoys.ru/media/thumbs/52/03/5203b8567fadb10bb803fb1a923df735.jpg"
"Верблюжонок";"";"8732";"RUB";"169";"1";"399";"";"";"";"";"Верблюжонок";"";"";"verblyuzhonok";"";"";"Высота: 23 см";"http://www.lavatoys.ru/media/thumbs/45/5d/455da72494db54952ecf22785f548dcf.jpg"
"Верблюд Бубу";"";"1151";"RUB";"299";"1";"599";"";"";"";"";"Верблюд Бубу";"";"";"verblyud-bubu";"";"";"Высота: 30 см";"http://www.lavatoys.ru/media/thumbs/57/9a/579a6810df77584155bdac8416601c65.jpg"
"!!Грибы";"";"";"";"";"";"";"";"";"";"";"";"";"";"";"";"";""
"Мухомор малый";"";"8730";"RUB";"249";"1";"439";"";"";"";"";"Мухомор малый";"";"";"mukhomor-malyy";"";"";"Высота: 21 см";"http://www.lavatoys.ru/media/thumbs/5b/a2/5ba2415d343237d5f9518b781390a2bf.jpg"
"Мухомор";"";"8056";"RUB";"199";"1";"499";"";"";"";"";"Мухомор";"";"";"mukhomor";"";"";"Высота: 23 см";"http://www.lavatoys.ru/media/thumbs/db/93/db93bb486deab045e2ac36232ace21a3.jpg"
"Гриб с цветочками малый";"";"8618A";"RUB";"249";"1";"439";"";"";"";"";"Гриб с цветочками малый";"";"";"grib-s-tsvetochkami-malyy";"";"";"Высота: 21 см";"http://www.lavatoys.ru/media/thumbs/85/78/8578b3210f7369eec6dc728612e9c610.jpg"
"Гриб с цветочками";"";"8618";"RUB";"269";"1";"499";"";"";"";"";"Гриб с цветочками";"";"";"grib-s-tsvetochkami";"";"";"Высота: 23 см";"http://www.lavatoys.ru/media/thumbs/f1/45/f145e6a9017b88ad5ebbba11fbd02f65.jpg"
"Боровик малый";"";"8138A";"RUB";"369";"1";"499";"";"";"";"";"Боровик малый";"";"";"borovik-malyy";"";"";"Высота: 21 см";"http://www.lavatoys.ru/media/thumbs/75/96/7596b0a1e9f56927dcbefb140ab16d44.jpg"
"!!Ежи";"";"";"";"";"";"";"";"";"";"";"";"";"";"";"";"";""
"Ёжик Яша в кепке с ромашкой";"";"8741";"RUB";"399";"1";"";"";"";"";"";"Ёжик Яша в кепке с ромашкой";"";"";"ёzhik-yasha-v-kepke-s-romashkoy";"";"";"Высота: 19,5 см";"http://www.lavatoys.ru/media/thumbs/b4/e9/b4e9b93ecf34ddf74c53703a9aea2420.jpg"
"Ёжик с ягодами";"";"615";"RUB";"299";"1";"399";"";"";"";"";"Ёжик с ягодами";"";"";"ёzhik-s-yagodami";"";"";"Высота: 17 см";"http://www.lavatoys.ru/media/thumbs/e7/a3/e7a327563a70128e7b4b29a25a7922f5.jpg"
"Ёжик с яблоками";"";"989";"RUB";"299";"1";"399";"";"";"";"";"Ёжик с яблоками";"";"";"ёzhik-s-yablokami";"";"";"Высота: 17 см";"http://www.lavatoys.ru/media/thumbs/70/32/703215cf932bb9d0e0510cbfa5d16458.jpg"
"Ёжик с цветком стоящий";"";"1112";"RUB";"399";"1";"";"";"";"";"";"Ёжик с цветком стоящий";"";"";"ёzhik-s-tsvetkom-stoyashchiy";"";"";"Высота: 25 см";"http://www.lavatoys.ru/media/thumbs/9a/d2/9ad28534c6bb5c3f684a6e77103abdd3.jpg"
"Ёжик с листочком";"";"8195A";"RUB";"339";"1";"439";"";"";"";"";"Ёжик с листочком";"";"";"ёzhik-s-listochkom";"";"";"Высота: 19 см";"http://www.lavatoys.ru/media/thumbs/78/00/7800228ee272c660bd0ab08ffd8390ae.jpg"
"Ёжик с ежонком";"";"8772";"RUB";"339";"1";"439";"";"";"";"";"Ёжик с ежонком";"";"";"ёzhik-s-ezhonkom";"";"";"Высота: 19 см";"http://www.lavatoys.ru/media/thumbs/5c/e2/5ce20cfab8d677a07a9f66ae960138fe.jpg"
"Ёжик с грибом";"";"3545";"RUB";"399";"1";"499";"";"";"";"";"Ёжик с грибом";"";"";"ёzhik-s-gribom";"";"";"Высота: 19 см";"http://www.lavatoys.ru/media/thumbs/6d/b2/6db28d39adcdbc3c831932f2ab7443ff.jpg"
"Ёжик / ежиха в одежде";"";"8121";"RUB";"399";"1";"499";"";"";"";"";"Ёжик / ежиха в одежде";"";"";"ёzhik--ezhikha-v-odezhde";"";"";"Высота: 21,5 см";"http://www.lavatoys.ru/media/thumbs/1a/d3/1ad37f79d3e705729953c40239cb55d1.jpg"
"!!Еноты";"";"";"";"";"";"";"";"";"";"";"";"";"";"";"";"";""
"Енот малый";"";"8021A";"RUB";"399";"1";"";"";"";"";"";"Енот малый";"";"";"enot-malyy";"";"";"Высота: 21 см";"http://www.lavatoys.ru/media/thumbs/83/f8/83f8c6ac852646313f39ceaaa026fe2d.jpg"
"!!Жирафы";"";"";"";"";"";"";"";"";"";"";"";"";"";"";"";"";""
"Жирафик с цветком";"";"8614";"RUB";"299";"1";"599";"";"";"";"";"Жирафик с цветком";"";"";"zhirafik-s-tsvetkom";"";"";"Высота: 23 см";"http://www.lavatoys.ru/media/thumbs/a7/19/a71907f68740449b48a4a416bb371eed.jpg"
"Жирафик с бутылочкой малый";"";"8281A";"RUB";"299";"1";"599";"";"";"";"";"Жирафик с бутылочкой малый";"";"";"zhirafik-s-butylochkoy-malyy";"";"";"Высота: 27 см";"http://www.lavatoys.ru/media/thumbs/87/ad/87ad5e36f347741f2c008feb118ec84d.jpg"
"Жирафик";"";"436";"RUB";"399";"1";"569";"";"";"";"";"Жирафик";"";"";"zhirafik";"";"";"Высота: 31 см";"http://www.lavatoys.ru/media/thumbs/54/50/5450df2ec66ce00020c2c78eedfab6d5.jpg"
"Жираф с малышом";"";"8333";"RUB";"349";"1";"699";"";"";"";"";"Жираф с малышом";"";"";"zhiraf-s-malyshom";"";"";"Высота: 30 см";"http://www.lavatoys.ru/media/thumbs/a5/ed/a5edf6a21b45a4e8a7f3cfae777b336d.jpg"
"Жираф малый";"";"1156A";"RUB";"299";"1";"399";"";"";"";"";"Жираф малый";"";"";"zhiraf-malyy";"";"";"Высота: 31 см";"http://www.lavatoys.ru/media/thumbs/a5/66/a566972ede575ede8c119544e9822a92.jpg"
"Жираф";"";"1156";"RUB";"349";"1";"699";"";"";"";"";"Жираф";"";"";"zhiraf";"";"";"Высота: 40 см";"http://www.lavatoys.ru/media/thumbs/01/56/0156478c209ab5e8a737dc7037ce01e6.jpg"
"!!Зайцы";"";"";"";"";"";"";"";"";"";"";"";"";"";"";"";"";""
"Заяц с большой морковкой";"";"8427";"RUB";"399";"1";"";"";"";"";"";"Заяц с большой морковкой";"";"";"zayats-s-bolshoy-morkovkoy";"";"";"Высота: 18 см";"http://www.lavatoys.ru/media/thumbs/fa/1e/fa1ea8c904f09da94690b95f090f3876.jpg"
"Заяц декоративный бежевый малый";"";"946B";"RUB";"499";"1";"";"";"";"";"";"Заяц декоративный бежевый малый";"";"";"zayats-dekorativnyy-bezhevyy-malyy";"";"";"Высота: 23 см";"http://www.lavatoys.ru/media/thumbs/1c/e8/1ce817e958891607723726883e0ff348.jpg"
"Заяц двухцветный";"";"1183";"RUB";"369";"1";"";"";"";"";"";"Заяц двухцветный";"";"";"zayats-dvukhtsvetnyy";"";"";"Высота: 21 см";"http://www.lavatoys.ru/media/thumbs/c8/e2/c8e20d4d6ccb5357bd0116f682f3b317.jpg"
"Заяц Генри";"";"1253";"RUB";"299";"1";"599";"";"";"";"";"Заяц Генри";"";"";"zayats-genri";"";"";"Высота: 40 см";"http://www.lavatoys.ru/media/thumbs/07/40/074033d7b6178728306264c898f8c91c.jpg"
"Зайчонок натуральный";"";"8812";"RUB";"269";"1";"369";"";"";"";"";"Зайчонок натуральный";"";"";"zaychonok-naturalnyy";"";"";"Высота: 14 см";"http://www.lavatoys.ru/media/thumbs/ba/a0/baa0609b6b61ad0bff84fd33a779a4ea.jpg"
"Зайчонок";"";"1245";"RUB";"339";"1";"";"";"";"";"";"Зайчонок";"";"";"zaychonok";"";"";"Высота: 18 см";"http://www.lavatoys.ru/media/thumbs/3a/db/3adb48326bafee68aea7fa3e319b8de0.jpg"
"Зайчишка с бантом малый";"";"508A";"RUB";"499";"1";"699";"";"";"";"";"Зайчишка с бантом малый";"";"";"zaychishka-s-bantom-malyy";"";"";"Высота: 25,5 см";"http://www.lavatoys.ru/media/thumbs/61/cd/61cdccfd4bca36aa1941b0f238f26186.jpg"
"Зайчиха-модница";"";"1155";"RUB";"299";"1";"";"";"";"";"";"Зайчиха-модница";"";"";"zaychikha-modnitsa";"";"";"Высота: 23 см";"http://www.lavatoys.ru/media/thumbs/1f/0e/1f0ea27ca34057324f88b73b670bd2cc.jpg"
"Зайчиха танцующая";"";"8793s";"RUB";"899";"1";"";"";"";"";"";"Зайчиха танцующая";"";"";"zaychikha-tantsuyushchaya";"";"";"Высота: 31 см";"http://www.lavatoys.ru/media/thumbs/a3/c0/a3c036aff84d6278776a768c61acc55a.jpg"
"Зайчик-побегайчик";"";"8672";"RUB";"299";"1";"";"";"";"";"";"Зайчик-побегайчик";"";"";"zaychik-pobegaychik";"";"";"Высота: 12 см";"http://www.lavatoys.ru/media/thumbs/bc/07/bc072cf60ed4c9841b74849df74a7733.jpg"
"Зайчик с мешочком";"";"530";"RUB";"399";"1";"699";"";"";"";"";"Зайчик с мешочком";"";"";"zaychik-s-meshochkom";"";"";"Высота: 26 см";"http://www.lavatoys.ru/media/thumbs/aa/25/aa25ed0817afea19f65ac57ecee2773b.jpg"
"Зайчик нежный в маечке";"";"8492B";"RUB";"369";"1";"469";"";"";"";"";"Зайчик нежный в маечке";"";"";"zaychik-nezhnyy-v-maechke";"";"";"Высота: 20 см";"http://www.lavatoys.ru/media/thumbs/e7/10/e71091779474b6b3d157eb17f69e295a.jpg"
"Зайчик классический";"";"1131";"RUB";"399";"1";"599";"";"";"";"";"Зайчик классический";"";"";"zaychik-klassicheskiy";"";"";"Высота: 23 см";"http://www.lavatoys.ru/media/thumbs/5c/9f/5c9f41df8f7bb776846b94be8294a3dd.jpg"
"Зайчик в кофточке с вышивкой";"";"1072";"RUB";"299";"1";"499";"";"";"";"";"Зайчик в кофточке с вышивкой";"";"";"zaychik-v-koftochke-s-vyshivkoy";"";"";"Высота: 23 см";"http://www.lavatoys.ru/media/thumbs/88/36/8836f3d9c43a2e9a7372789fc24b81ff.jpg"
"Зайчик Баффи в маечке большой";"";"8571A";"RUB";"399";"1";"";"";"";"";"";"Зайчик Баффи в маечке большой";"";"";"zaychik-baffi-v-maechke-bolshoy";"";"";"Высота: 22 см";"http://www.lavatoys.ru/media/thumbs/33/b3/33b34b64a249dbbb76c726564f8d5ee2.jpg"
"Зайка малая";"";"8713";"RUB";"369";"1";"";"";"";"";"";"Зайка малая";"";"";"zayka-malaya";"";"";"Высота: 21 см";"http://www.lavatoys.ru/media/thumbs/6b/6b/6b6b32118ca410f612dbbbb3a1a0da89.jpg"
"!!Зоопарк";"";"";"";"";"";"";"";"";"";"";"";"";"";"";"";"";""
"Зоопарк с малышами пушистый";"";"900A";"RUB";"599";"1";"1 199";"";"";"";"";"Зоопарк с малышами пушистый";"";"";"zoopark-s-malyshami-pushistyy";"";"";"Высота: 31 см";"http://www.lavatoys.ru/media/thumbs/36/de/36dee635f10cf21de281894e7392a2dd.jpg"
"Зоопарк с малышами";"";"900";"RUB";"599";"1";"1 199";"";"";"";"";"Зоопарк с малышами";"";"";"zoopark-s-malyshami";"";"";"Высота: 31 см";"http://www.lavatoys.ru/media/thumbs/ad/dc/addc304909d4234c129185089354fce1.jpg"
"!!Кенгуру";"";"";"";"";"";"";"";"";"";"";"";"";"";"";"";"";""
"Кенгуру-мама с малышом";"";"1197";"RUB";"299";"1";"599";"";"";"";"";"Кенгуру-мама с малышом";"";"";"kenguru-mama-s-malyshom";"";"";"Высота: 27 см";"http://www.lavatoys.ru/media/thumbs/30/5a/305a74f6d281d6c8a24a79e1761729b1.jpg"
"Кенгуру цветной с малышом";"";"8665";"RUB";"249";"1";"499";"";"";"";"";"Кенгуру цветной с малышом";"";"";"kenguru-tsvetnoy-s-malyshom";"";"";"Высота: 23 см";"http://www.lavatoys.ru/media/thumbs/7a/da/7ada5d2b416dc95d3364920a635a206f.jpg"
"!!Коровы";"";"";"";"";"";"";"";"";"";"";"";"";"";"";"";"";""
"Корова с бубенчиком стоящая";"";"8465";"RUB";"499";"1";"";"";"";"";"";"Корова с бубенчиком стоящая";"";"";"korova-s-bubenchikom-stoyashchaya";"";"";"Высота: 23 см";"http://www.lavatoys.ru/media/thumbs/db/ec/dbec94b1700b1015ea382540814b65dc.jpg"
"!!Кошки";"";"";"";"";"";"";"";"";"";"";"";"";"";"";"";"";""
"Кошка Катюша малая";"";"8495A";"RUB";"339";"1";"439";"";"";"";"";"Кошка Катюша малая";"";"";"koshka-katyusha-malaya";"";"";"Высота: 20,5 см";"http://www.lavatoys.ru/media/thumbs/f6/0f/f60f262a5eec12d22781a0a0e3ccdbbd.jpg"
"Кошка двухцветная мини";"";"176B";"RUB";"299";"1";"399";"";"";"";"";"Кошка двухцветная мини";"";"";"koshka-dvukhtsvetnaya-mini";"";"";"Высота: 22 см";"http://www.lavatoys.ru/media/thumbs/02/0b/020b985a9a55c7ad66e84290be9bfd43.jpg"
"Кошка двухцветная малая";"";"176A";"RUB";"399";"1";"499";"";"";"";"";"Кошка двухцветная малая";"";"";"koshka-dvukhtsvetnaya-malaya";"";"";"Высота: 24 см";"http://www.lavatoys.ru/media/thumbs/a9/c9/a9c9645c5cc7feb2028bc0e4b3e5bedf.jpg"
"Кошка Бетти";"";"1250";"RUB";"499";"1";"699";"";"";"";"";"Кошка Бетти";"";"";"koshka-betti";"";"";"Высота: 28 см";"http://www.lavatoys.ru/media/thumbs/bb/a9/bba96e67c76ec0b4d5f2bfdd1430ec4e.jpg"
"Кошечка сидящая малая";"";"895";"RUB";"299";"1";"399";"";"";"";"";"Кошечка сидящая малая";"";"";"koshechka-sidyashchaya-malaya";"";"";"Высота: 22 см";"http://www.lavatoys.ru/media/thumbs/38/4f/384f1b47087e820213633c0eb0c7bbba.jpg"
"Кошечка сидящая";"";"193A";"RUB";"399";"1";"499";"";"";"";"";"Кошечка сидящая";"";"";"koshechka-sidyashchaya";"";"";"Высота: 24 см";"http://www.lavatoys.ru/media/thumbs/01/b5/01b5848e66d5599173b2b8dc4eabc127.jpg"
"Кошечка Кэтти";"";"8792";"RUB";"299";"1";"399";"";"";"";"";"Кошечка Кэтти";"";"";"koshechka-ketti";"";"";"Высота: 21 см";"http://www.lavatoys.ru/media/thumbs/4a/0a/4a0aaffe57711971ef9b1a6fcd4c74f6.jpg"
"Кошечка в шляпе";"";"1254";"RUB";"499";"1";"699";"";"";"";"";"Кошечка в шляпе";"";"";"koshechka-v-shlyape";"";"";"Высота: 24 см";"http://www.lavatoys.ru/media/thumbs/f5/d6/f5d6419abb6a8622362bb5107bc06ea9.jpg"
"Котёнок Снежок";"";"8831";"RUB";"369";"1";"";"";"";"";"";"Котёнок Снежок";"";"";"kotёnok-snezhok";"";"";"Высота: 17 см";"http://www.lavatoys.ru/media/thumbs/f2/71/f2710ed5a59a809676633c5a76af05d8.jpg"
"Котёнок сидящий малый";"";"1020A";"RUB";"339";"1";"439";"";"";"";"";"Котёнок сидящий малый";"";"";"kotёnok-sidyashchiy-malyy";"";"";"Высота: 20 см";"http://www.lavatoys.ru/media/thumbs/8d/f4/8df4e147cc6c10ae2188a7fc6dbbd236.jpg"
"Котёнок сидящий большой";"";"1020B";"RUB";"399";"1";"499";"";"";"";"";"Котёнок сидящий большой";"";"";"kotёnok-sidyashchiy-bolshoy";"";"";"Высота: 22,5 см";"http://www.lavatoys.ru/media/thumbs/82/f1/82f1c29c0d5c201e05c05e9601dd8df3.jpg"
"Котёнок полосатый";"";"8708";"RUB";"439";"1";"";"";"";"";"";"Котёнок полосатый";"";"";"kotёnok-polosatyy";"";"";"Высота: 21 см";"http://www.lavatoys.ru/media/thumbs/db/57/db57da0e027d193bdd46ebb5fc62a4d0.jpg"
"Котёнок Дымок";"";"1255";"RUB";"499";"1";"";"";"";"";"";"Котёнок Дымок";"";"";"kotёnok-dymok";"";"";"Высота: 22 см";"http://www.lavatoys.ru/media/thumbs/b6/c2/b6c2714f53b12711283d4a2bead93b99.jpg"
"Котёнок в слюнявчике";"";"8623";"RUB";"339";"1";"";"";"";"";"";"Котёнок в слюнявчике";"";"";"kotёnok-v-slyunyavchike";"";"";"Высота: 20 см";"http://www.lavatoys.ru/media/thumbs/37/03/37032c9998404dfde3fc00c71352da35.jpg"
"Кот-француз малый";"";"793A";"RUB";"439";"1";"699";"";"";"";"";"Кот-француз малый";"";"";"kot-frantsuz-malyy";"";"";"Высота: 23 см";"http://www.lavatoys.ru/media/thumbs/64/59/64593e706d6eba6f5a129486d4cebbfd.jpg"
"Кот-мушкетёр";"";"8284";"RUB";"299";"1";"599";"";"";"";"";"Кот-мушкетёр";"";"";"kot-mushketёr";"";"";"Высота: 26 см";"http://www.lavatoys.ru/media/thumbs/ca/e1/cae1b45f32f6f63b33a50bc1b676fb93.jpg"
"Кот Робин";"";"8707";"RUB";"299";"1";"599";"";"";"";"";"Кот Робин";"";"";"kot-robin";"";"";"Высота: 25 см";"http://www.lavatoys.ru/media/thumbs/5c/f5/5cf5ed890664ee64774d8785ae02b5ad.jpg"
"Кот в сапогах";"";"8160";"RUB";"299";"1";"699";"";"";"";"";"Кот в сапогах";"";"";"kot-v-sapogakh";"";"";"Высота: 23 см";"http://www.lavatoys.ru/media/thumbs/52/8b/528b855b477f9774d063571867537b95.jpg"
"Кот в беретке";"";"705A";"RUB";"299";"1";"799";"";"";"";"";"Кот в беретке";"";"";"kot-v-beretke";"";"";"Высота: 25 см";"http://www.lavatoys.ru/media/thumbs/11/7a/117a7d0bc5036e06c31883421a5cf603.jpg"
"!!Крокодилы";"";"";"";"";"";"";"";"";"";"";"";"";"";"";"";"";""
"Крокодильчик в одежде";"";"1015";"RUB";"299";"1";"599";"";"";"";"";"Крокодильчик в одежде";"";"";"krokodilchik-v-odezhde";"";"";"Высота: 22 см";"http://www.lavatoys.ru/media/thumbs/51/b0/51b01334ba5735c3b55a21962bd603c6.jpg"
"Крокодил-мама с малышом";"";"562";"RUB";"399";"1";"799";"";"";"";"";"Крокодил-мама с малышом";"";"";"krokodil-mama-s-malyshom";"";"";"Высота: 24 см";"http://www.lavatoys.ru/media/thumbs/ed/0b/ed0bf340ff52f8bd3287fea17dcdd1a0.jpg"
"Крокодил стоящий в одежде";"";"998";"RUB";"299";"1";"599";"";"";"";"";"Крокодил стоящий в одежде";"";"";"krokodil-stoyashchiy-v-odezhde";"";"";"Высота: 30 см";"http://www.lavatoys.ru/media/thumbs/7b/5a/7b5a62f121c8111cc1f083db7a39801c.jpg"
"Крокодил Гоша с ромашкой";"";"657";"RUB";"299";"1";"599";"";"";"";"";"Крокодил Гоша с ромашкой";"";"";"krokodil-gosha-s-romashkoy";"";"";"Высота: 22 см";"http://www.lavatoys.ru/media/thumbs/c0/ff/c0ff528d243537bdcb53c89bc653a148.jpg"
"Крокодил в футболке с платочком";"";"8744";"RUB";"199";"1";"399";"";"";"";"";"Крокодил в футболке с платочком";"";"";"krokodil-v-futbolke-s-platochkom";"";"";"Высота: 19 см";"http://www.lavatoys.ru/media/thumbs/7d/ce/7dce92d489c86f9389af37075a48eb71.jpg"
"!!Кроты";"";"";"";"";"";"";"";"";"";"";"";"";"";"";"";"";""
"Крот в шапке стоящий";"";"8775";"RUB";"399";"1";"599";"";"";"";"";"Крот в шапке стоящий";"";"";"krot-v-shapke-stoyashchiy";"";"";"Высота: 25 см";"http://www.lavatoys.ru/media/thumbs/59/c7/59c7a15f4f972b074aaf99e450e1a2a8.jpg"
"!!Кукла Майя";"";"";"";"";"";"";"";"";"";"";"";"";"";"";"";"";""
"Кукла Майя-морячка";"";"8575Y";"RUB";"599";"1";"";"";"";"";"";"Кукла Майя-морячка";"";"";"kukla-mayya-moryachka";"";"";"Высота: 28 см";"http://www.lavatoys.ru/media/thumbs/6c/6c/6c6c2da5a4d7509f2eca029533831b4b.jpg"
"Кукла Майя в тунике";"";"8789B";"RUB";"399";"1";"599";"";"";"";"";"Кукла Майя в тунике";"";"";"kukla-mayya-v-tunike";"";"";"Высота: 28 см";"http://www.lavatoys.ru/media/thumbs/85/24/8524123edcc2861873f6a3fcf3845570.jpg"
"Кукла Майя в трикотажной куртке";"";"8575T";"RUB";"599";"1";"";"";"";"";"";"Кукла Майя в трикотажной куртке";"";"";"kukla-mayya-v-trikotazhnoy-kurtke";"";"";"Высота: 28 см";"http://www.lavatoys.ru/media/thumbs/87/bc/87bcf8dabf6636184bb3e2dc3dbc5fc2.jpg"
"Кукла Майя в тапочках с помпонами";"";"8371G";"RUB";"599";"1";"";"";"";"";"";"Кукла Майя в тапочках с помпонами";"";"";"kukla-mayya-v-tapochkakh-s-pomponami";"";"";"Высота: 28 см";"http://www.lavatoys.ru/media/thumbs/30/02/30022bbe43e1ae4dfb45a5e38cd7cb34.jpg"
"Кукла Майя в свитере с узором";"";"8789J";"RUB";"599";"1";"";"";"";"";"";"Кукла Майя в свитере с узором";"";"";"kukla-mayya-v-svitere-s-uzorom";"";"";"Высота: 28 см";"http://www.lavatoys.ru/media/thumbs/c7/9c/c79c53ff51b91bc6d5ed1ef28325ec82.jpg"
"Кукла Майя в свитере с орнаментом";"";"8789F";"RUB";"599";"1";"";"";"";"";"";"Кукла Майя в свитере с орнаментом";"";"";"kukla-mayya-v-svitere-s-ornamentom";"";"";"Высота: 28 см";"http://www.lavatoys.ru/media/thumbs/fb/d1/fbd16629724ad2e27cbc89631063657c.jpg"
"Кукла Майя в свитере в бирюзовую полоску";"";"8575L";"RUB";"599";"1";"";"";"";"";"";"Кукла Майя в свитере в бирюзовую полоску";"";"";"kukla-mayya-v-svitere-v-biryuzovuyu-polosku";"";"";"Высота: 28 см";"http://www.lavatoys.ru/media/thumbs/cf/99/cf99cb9e70c6f699a0e4de60d45cf2aa.jpg"
"Кукла Майя в свитере";"";"8371A";"RUB";"599";"1";"";"";"";"";"";"Кукла Майя в свитере";"";"";"kukla-mayya-v-svitere";"";"";"Высота: 28 см";"http://www.lavatoys.ru/media/thumbs/30/c2/30c27bf50f7940e887bcfa22f9f57e4c.jpg"
"Кукла Майя в сарафане с яблочками";"";"8575J";"RUB";"599";"1";"";"";"";"";"";"Кукла Майя в сарафане с яблочками";"";"";"kukla-mayya-v-sarafane-s-yablochkami";"";"";"Высота: 28 см";"http://www.lavatoys.ru/media/thumbs/db/3f/db3fa843402b36958292e7f870565145.jpg"
"Кукла Майя в сарафане с карманами";"";"8575H";"RUB";"599";"1";"";"";"";"";"";"Кукла Майя в сарафане с карманами";"";"";"kukla-mayya-v-sarafane-s-karmanami";"";"";"Высота: 28 см";"http://www.lavatoys.ru/media/thumbs/a1/f0/a1f00280927a1c1940835eaa48a1782b.jpg"
"Кукла Майя в полосатом джемпере";"";"8371M";"RUB";"599";"1";"";"";"";"";"";"Кукла Майя в полосатом джемпере";"";"";"kukla-mayya-v-polosatom-dzhempere";"";"";"Высота: 28 см";"http://www.lavatoys.ru/media/thumbs/8d/00/8d00aa6330d4af744fb7c349c3df3e1b.jpg"
"Кукла Майя в плаще";"";"8371L";"RUB";"599";"1";"";"";"";"";"";"Кукла Майя в плаще";"";"";"kukla-mayya-v-plashche";"";"";"Высота: 28 см";"http://www.lavatoys.ru/media/thumbs/60/18/601892f17e5cf34aac22e2b17b639834.jpg"
"Кукла Майя в платье с кружевом";"";"8789E";"RUB";"599";"1";"";"";"";"";"";"Кукла Майя в платье с кружевом";"";"";"kukla-mayya-v-plate-s-kruzhevom";"";"";"Высота: 28 см";"http://www.lavatoys.ru/media/thumbs/c3/c0/c3c04fa52f878722f725e813f21bba7a.jpg"
"Кукла Майя в платье с вышитой овечкой";"";"8789K";"RUB";"399";"1";"599";"";"";"";"";"Кукла Майя в платье с вышитой овечкой";"";"";"kukla-mayya-v-plate-s-vyshitoy-ovechkoy";"";"";"Высота: 28 см";"http://www.lavatoys.ru/media/thumbs/9a/c4/9ac44e2fdb33b4691be934d414bdb2c0.jpg"
"Кукла Майя в платье с вышитой лошадкой";"";"8575Z";"RUB";"599";"1";"";"";"";"";"";"Кукла Майя в платье с вышитой лошадкой";"";"";"kukla-mayya-v-plate-s-vyshitoy-loshadkoy";"";"";"Высота: 28 см";"http://www.lavatoys.ru/media/thumbs/0f/36/0f3638fa36a3f8cba01e2549ab9b712a.jpg"
"Кукла Майя в платье с вышивкой";"";"8371Z";"RUB";"599";"1";"";"";"";"";"";"Кукла Майя в платье с вышивкой";"";"";"kukla-mayya-v-plate-s-vyshivkoy";"";"";"Высота: 28 см";"http://www.lavatoys.ru/media/thumbs/ab/59/ab59429c7b998c5bd5271800aedfaef9.jpg"
"Кукла Майя в платье с вишнями";"";"8575C";"RUB";"599";"1";"";"";"";"";"";"Кукла Майя в платье с вишнями";"";"";"kukla-mayya-v-plate-s-vishnyami";"";"";"Высота: 28 см";"http://www.lavatoys.ru/media/thumbs/7d/c0/7dc0ae539506d5791b24342288774fe6.jpg"
"Кукла Майя в платье в полоску";"";"8789G";"RUB";"599";"1";"";"";"";"";"";"Кукла Майя в платье в полоску";"";"";"kukla-mayya-v-plate-v-polosku";"";"";"Высота: 28 см";"http://www.lavatoys.ru/media/thumbs/96/89/968963687b37023f577c6bde81015e14.jpg"
"Кукла Майя в платье";"";"8371B";"RUB";"599";"1";"";"";"";"";"";"Кукла Майя в платье";"";"";"kukla-mayya-v-plate";"";"";"Высота: 28 см";"http://www.lavatoys.ru/media/thumbs/b1/69/b169fb1d33ff18f116de7085e46bdb81.jpg"
"Кукла Майя в меланжевом свитере";"";"8789C";"RUB";"599";"1";"";"";"";"";"";"Кукла Майя в меланжевом свитере";"";"";"kukla-mayya-v-melanzhevom-svitere";"";"";"Высота: 28 см";"http://www.lavatoys.ru/media/thumbs/d5/3f/d53f219c1e473ad63f0f3861ce017779.jpg"
"Кукла Майя в красном свитере";"";"8371N";"RUB";"599";"1";"";"";"";"";"";"Кукла Майя в красном свитере";"";"";"kukla-mayya-v-krasnom-svitere";"";"";"Высота: 28 см";"http://www.lavatoys.ru/media/thumbs/2b/b8/2bb8d79515b75c0caa342b8c20180240.jpg"
"Кукла Майя в красном платье в горошек";"";"8789D";"RUB";"599";"1";"";"";"";"";"";"Кукла Майя в красном платье в горошек";"";"";"kukla-mayya-v-krasnom-plate-v-goroshek";"";"";"Высота: 28 см";"http://www.lavatoys.ru/media/thumbs/8c/a4/8ca4a3548ebf744d8d19bfe20dc563d2.jpg"
"Кукла Майя в красном платье";"";"8575F";"RUB";"599";"1";"";"";"";"";"";"Кукла Майя в красном платье";"";"";"kukla-mayya-v-krasnom-plate";"";"";"Высота: 28 см";"http://www.lavatoys.ru/media/thumbs/b7/31/b7319e8bdae15397c8540113aa3e41ee.jpg"
"Кукла Майя в красной толстовке";"";"8789A";"RUB";"599";"1";"";"";"";"";"";"Кукла Майя в красной толстовке";"";"";"kukla-mayya-v-krasnoy-tolstovke";"";"";"Высота: 28 см";"http://www.lavatoys.ru/media/thumbs/c8/ac/c8aca10583a5662c2c0f5bcf62cba03f.jpg"
"Кукла Майя в кофточке с божьей коровкой";"";"8789H";"RUB";"399";"1";"599";"";"";"";"";"Кукла Майя в кофточке с божьей коровкой";"";"";"kukla-mayya-v-koftochke-s-bozhey-korovkoy";"";"";"Высота: 28 см";"http://www.lavatoys.ru/media/thumbs/d5/90/d59004679c0e4127a561647412e15d83.jpg"
"Кукла Майя в кофточке с бантиком";"";"8575R";"RUB";"399";"1";"599";"";"";"";"";"Кукла Майя в кофточке с бантиком";"";"";"kukla-mayya-v-koftochke-s-bantikom";"";"";"Высота: 28 см";"http://www.lavatoys.ru/media/thumbs/5d/a5/5da51a95b2cb018cc2dea5d8f35625e0.jpg"
"Кукла Майя в комбинезоне";"";"8371C";"RUB";"599";"1";"";"";"";"";"";"Кукла Майя в комбинезоне";"";"";"kukla-mayya-v-kombinezone";"";"";"Высота: 28 см";"http://www.lavatoys.ru/media/thumbs/5c/e7/5ce766851ad558eca09f777212844dff.jpg"
"Кукла Майя в клетчатом сарафане";"";"8575N";"RUB";"399";"1";"599";"";"";"";"";"Кукла Майя в клетчатом сарафане";"";"";"kukla-mayya-v-kletchatom-sarafane";"";"";"Высота: 28 см";"http://www.lavatoys.ru/media/thumbs/ce/28/ce28353086df6753d2b64e8086e28ed4.jpg"
"Кукла Майя в жёлтой толстовке";"";"8575X";"RUB";"599";"1";"";"";"";"";"";"Кукла Майя в жёлтой толстовке";"";"";"kukla-mayya-v-zhёltoy-tolstovke";"";"";"Высота: 28 см";"http://www.lavatoys.ru/media/thumbs/6d/cf/6dcf9a1fca92311030dbfaa810614f85.jpg"
"Кукла Майя в вязаной жилетке";"";"8575E";"RUB";"599";"1";"";"";"";"";"";"Кукла Майя в вязаной жилетке";"";"";"kukla-mayya-v-vyazanoy-zhiletke";"";"";"Высота: 28 см";"http://www.lavatoys.ru/media/thumbs/eb/a5/eba5e4205c1ad75a59152c3826c5e982.jpg"
"Кукла Майя в бальном платье";"";"8575Q";"RUB";"599";"1";"";"";"";"";"";"Кукла Майя в бальном платье";"";"";"kukla-mayya-v-balnom-plate";"";"";"Высота: 36 шт.";"http://www.lavatoys.ru/media/thumbs/cb/9b/cb9b717047d9ac63d39d599f4f74c91c.jpg"
"Кукла Майя";"";"8371";"RUB";"599";"1";"";"";"";"";"";"Кукла Майя";"";"";"kukla-mayya";"";"";"Высота: 28 см";"http://www.lavatoys.ru/media/thumbs/c6/1c/c61c0e36dd1885a5a3cab0dacadd5f90.jpg"
"!!Кукла Танюша";"";"";"";"";"";"";"";"";"";"";"";"";"";"";"";"";""
"Кукла Танюша в платье с фартуком";"";"8749C";"RUB";"499";"1";"699";"";"";"";"";"Кукла Танюша в платье с фартуком";"";"";"kukla-tanyusha-v-plate-s-fartukom";"";"";"Высота: 30 см";"http://www.lavatoys.ru/media/thumbs/68/39/68396483426ec235afdb0913cc6e7da3.jpg"
"Кукла Танюша в платье с воланами";"";"8749E";"RUB";"499";"1";"699";"";"";"";"";"Кукла Танюша в платье с воланами";"";"";"kukla-tanyusha-v-plate-s-volanami";"";"";"Высота: 30 см";"http://www.lavatoys.ru/media/thumbs/3a/11/3a1154f1b2a8db93a9f5865cd88fce30.jpg"
"Кукла Танюша в платье";"";"8749";"RUB";"499";"1";"699";"";"";"";"";"Кукла Танюша в платье";"";"";"kukla-tanyusha-v-plate";"";"";"Высота: 30 см";"http://www.lavatoys.ru/media/thumbs/5d/d8/5dd8bb424dfda1c312a797c4ac688475.jpg"
"Кукла Танюша в панаме";"";"8749B";"RUB";"499";"1";"699";"";"";"";"";"Кукла Танюша в панаме";"";"";"kukla-tanyusha-v-paname";"";"";"Высота: 30 см";"http://www.lavatoys.ru/media/thumbs/17/89/1789ff39b554cf4f40a8d2b2fd49f0cd.jpg"
"Кукла Танюша в летнем костюмчике";"";"8749D";"RUB";"499";"1";"699";"";"";"";"";"Кукла Танюша в летнем костюмчике";"";"";"kukla-tanyusha-v-letnem-kostyumchike";"";"";"Высота: 30 см";"http://www.lavatoys.ru/media/thumbs/ce/7b/ce7b55146fdac48198d9580b385f49bb.jpg"
"!!Куклы";"";"";"";"";"";"";"";"";"";"";"";"";"";"";"";"";""
"Пиноккио с пуговицами";"";"8710";"RUB";"369";"1";"469";"";"";"";"";"Пиноккио с пуговицами";"";"";"pinokkio-s-pugovitsami";"";"";"Высота: 21 см";"http://www.lavatoys.ru/media/thumbs/67/1d/671d004f022d3e4376cb842543f4d1b4.jpg"
"Пиноккио малый";"";"206A";"RUB";"369";"1";"469";"";"";"";"";"Пиноккио малый";"";"";"pinokkio-malyy";"";"";"Высота: 20,5 см";"http://www.lavatoys.ru/media/thumbs/a5/37/a537db9908b38b230e99553c8dcf07fa.jpg"
"Пиноккио большой";"";"198";"RUB";"499";"1";"799";"";"";"";"";"Пиноккио большой";"";"";"pinokkio-bolshoy";"";"";"Высота: 46 см";"http://www.lavatoys.ru/media/thumbs/72/ee/72ee75de5b3d33133fa9c4c7d4e83ed5.jpg"
"Медведица в зелёном платье танцующая";"";"8756As";"RUB";"899";"1";"";"";"";"";"";"Медведица в зелёном платье танцующая";"";"";"medveditsa-v-zelёnom-plate-tantsuyushchaya";"";"";"Высота: 32 см";"http://www.lavatoys.ru/media/thumbs/8e/7e/8e7ead54c873b7b136043d965cd491a4.jpg"
"Малыш со слюнявчиком";"";"891";"RUB";"369";"1";"499";"";"";"";"";"Малыш со слюнявчиком";"";"";"malysh-so-slyunyavchikom";"";"";"Высота: 21 см";"http://www.lavatoys.ru/media/thumbs/c1/46/c146c6d907c5c7006a4a9f86b4af630c.jpg"
"Малыш в штанишках";"";"8640";"RUB";"199";"1";"399";"";"";"";"";"Малыш в штанишках";"";"";"malysh-v-shtanishkakh";"";"";"Высота: 18,5 см";"http://www.lavatoys.ru/media/thumbs/ff/4e/ff4eeda25eeba71a9ecf489bd68ca63f.jpg"
"Куколка танцующая в русском сарафане";"";"8767As";"RUB";"1 099";"1";"";"";"";"";"";"Куколка танцующая в русском сарафане";"";"";"kukolka-tantsuyushchaya-v-russkom-sarafane";"";"";"Высота: 24 шт.";"http://www.lavatoys.ru/media/thumbs/d4/d6/d4d6438abaddb528edcea1103c0acf89.jpg"
"Куколка танцующая";"";"8767s";"RUB";"999";"1";"";"";"";"";"";"Куколка танцующая";"";"";"kukolka-tantsuyushchaya";"";"";"Высота: 31 см";"http://www.lavatoys.ru/media/thumbs/92/ba/92ba7a5f5ec9efa02c4a6a261ec26d1b.jpg"
"Куколка Нелли";"";"1227s";"RUB";"349";"1";"";"";"";"";"";"Куколка Нелли";"";"";"kukolka-nelli";"";"";"Высота: 96 шт.";"http://www.lavatoys.ru/media/thumbs/11/13/11139a4d83d897e003adb4dc95d936ef.jpg"
"Куколка Любаша";"";"1095";"RUB";"449";"1";"";"";"";"";"";"Куколка Любаша";"";"";"kukolka-lyubasha";"";"";"Высота: 20 см";"http://www.lavatoys.ru/media/thumbs/77/60/7760a2f4c78908bd37f63436d0c55132.jpg"
"Куколка";"";"8061A";"RUB";"469";"1";"599";"";"";"";"";"Куколка";"";"";"kukolka";"";"";"Высота: 27,5 см";"http://www.lavatoys.ru/media/thumbs/aa/3a/aa3a90739d84d38da7c81d913b7ff516.jpg"
"Кукла-пчёлка малая";"";"624A";"RUB";"399";"1";"499";"";"";"";"";"Кукла-пчёлка малая";"";"";"kukla-pchёlka-malaya";"";"";"Высота: 21,5 см";"http://www.lavatoys.ru/media/thumbs/de/20/de20c02dc988bdc290f008c0183d10a8.jpg"
"Кукла-божья коровка";"";"934";"RUB";"399";"1";"499";"";"";"";"";"Кукла-божья коровка";"";"";"kukla-bozhya-korovka";"";"";"Высота: 21 см";"http://www.lavatoys.ru/media/thumbs/9a/8f/9a8fd6eebdb7e3c84e38caeafd22fc9c.jpg"
"Кукла-бабочка";"";"880";"RUB";"399";"1";"499";"";"";"";"";"Кукла-бабочка";"";"";"kukla-babochka";"";"";"Высота: 21 см";"http://www.lavatoys.ru/media/thumbs/af/cd/afcd931a433c6b8e5df1fc08a2c79068.jpg"
"Кукла Маруся в ситцевом платье";"";"8061F";"RUB";"469";"1";"599";"";"";"";"";"Кукла Маруся в ситцевом платье";"";"";"kukla-marusya-v-sittsevom-plate";"";"";"Высота: 26,5 см";"http://www.lavatoys.ru/media/thumbs/44/b7/44b70f057095b730b2149fb0a63a8482.jpg"
"Кукла Маруся в праздничном платье";"";"8061D";"RUB";"399";"1";"599";"";"";"";"";"Кукла Маруся в праздничном платье";"";"";"kukla-marusya-v-prazdnichnom-plate";"";"";"Высота: 26,5 см";"http://www.lavatoys.ru/media/thumbs/18/c9/18c9b87746d8f95d96ae5bc87e07e1cc.jpg"
"Кукла Маруся в платье в горошек";"";"8061E";"RUB";"599";"1";"";"";"";"";"";"Кукла Маруся в платье в горошек";"";"";"kukla-marusya-v-plate-v-goroshek";"";"";"Высота: 26,5 см";"http://www.lavatoys.ru/media/thumbs/b9/d4/b9d42e2b8d3d39717a8151a0f4fab824.jpg"
"Кукла Маруся";"";"8061C";"RUB";"469";"1";"599";"";"";"";"";"Кукла Маруся";"";"";"kukla-marusya";"";"";"Высота: 26,5 см";"http://www.lavatoys.ru/media/thumbs/60/76/60767d044f059e0aeb35489fe2d00b41.jpg"
"Кукла Ляля в шёлковом платье";"";"869C";"RUB";"399";"1";"469";"";"";"";"";"Кукла Ляля в шёлковом платье";"";"";"kukla-lyalya-v-shёlkovom-plate";"";"";"Высота: 22 см";"http://www.lavatoys.ru/media/thumbs/35/88/3588b4308ccee31b1f04ff5fba0c9493.jpg"
"Кукла Ляля в платье в горошек";"";"869B*";"RUB";"399";"1";"469";"";"";"";"";"Кукла Ляля в платье в горошек";"";"";"kukla-lyalya-v-plate-v-goroshek";"";"";"Высота: 21,5 см";"http://www.lavatoys.ru/media/thumbs/1f/bf/1fbf93e1cad6c56cd6b062da15ab9f14.jpg"
"Кукла Ляля";"";"869*";"RUB";"399";"1";"469";"";"";"";"";"Кукла Ляля";"";"";"kukla-lyalya";"";"";"Высота: 21,5 см";"http://www.lavatoys.ru/media/thumbs/83/a5/83a5bfa5efdf72b73deb4997289cc7e2.jpg"
"Кукла Линда";"";"1218";"RUB";"1 199";"1";"1 999";"";"";"";"";"Кукла Линда";"";"";"kukla-linda";"";"";"Высота: 83 см";"http://www.lavatoys.ru/media/thumbs/61/46/6146bebd062e20aceb31134b83c116d3.jpg"
"Кукла Катюша в платье с розочками";"";"1138B";"RUB";"499";"1";"549";"";"";"";"";"Кукла Катюша в платье с розочками";"";"";"kukla-katyusha-v-plate-s-rozochkami";"";"";"Высота: 24 см";"http://www.lavatoys.ru/media/thumbs/ca/d1/cad1623e0c77ccdf85d752757340ccf6.jpg"
"Кукла Катюша в красном платье";"";"1138A";"RUB";"549";"1";"";"";"";"";"";"Кукла Катюша в красном платье";"";"";"kukla-katyusha-v-krasnom-plate";"";"";"Высота: 24 см";"http://www.lavatoys.ru/media/thumbs/04/a1/04a10a45c78766205d91dcb47f4b8fd1.jpg"
"Кукла Катюша";"";"1138";"RUB";"499";"1";"549";"";"";"";"";"Кукла Катюша";"";"";"kukla-katyusha";"";"";"Высота: 24 см";"http://www.lavatoys.ru/media/thumbs/36/5f/365fd32460d547464c7cd25572d4a21e.jpg"
"Кукла Карина в коричневом платье в горошек";"";"1145C";"RUB";"549";"1";"";"";"";"";"";"Кукла Карина в коричневом платье в горошек";"";"";"kukla-karina-v-korichnevom-plate-v-goroshek";"";"";"Высота: 24 см";"http://www.lavatoys.ru/media/thumbs/96/b1/96b11fcb0b8d6765048b23022e2dc01c.jpg"
"Кукла Карина в клетчатом платье";"";"1145B";"RUB";"549";"1";"";"";"";"";"";"Кукла Карина в клетчатом платье";"";"";"kukla-karina-v-kletchatom-plate";"";"";"Высота: 24 см";"http://www.lavatoys.ru/media/thumbs/57/20/572019ef186002816a771b0c22825814.jpg"
"Кукла Карина в бордовом платье";"";"1145A";"RUB";"549";"1";"";"";"";"";"";"Кукла Карина в бордовом платье";"";"";"kukla-karina-v-bordovom-plate";"";"";"Высота: 25 см";"http://www.lavatoys.ru/media/thumbs/89/53/895317b7e4b9bda7529a915d9b1d6673.jpg"
"Кукла Карина";"";"1145";"RUB";"399";"1";"549";"";"";"";"";"Кукла Карина";"";"";"kukla-karina";"";"";"Высота: 24 см";"http://www.lavatoys.ru/media/thumbs/b6/d5/b6d55266fe3e0cfe09d4f189ee69a5d4.jpg"
"Кукла Джулия";"";"8826";"RUB";"899";"1";"1 799";"";"";"";"";"Кукла Джулия";"";"";"kukla-dzhuliya";"";"";"Высота: 97 см";"http://www.lavatoys.ru/media/thumbs/89/fd/89fd939647656d5f9da2155ad43364dd.jpg"
"Кукла Даша";"";"950";"RUB";"499";"1";"599";"";"";"";"";"Кукла Даша";"";"";"kukla-dasha";"";"";"Высота: 22 см";"http://www.lavatoys.ru/media/thumbs/1b/e5/1be54ef9c7e0da06742d408d4c403bd7.jpg"
"Кукла Вероника в беретке";"";"1153";"RUB";"999";"1";"1 999";"";"";"";"";"Кукла Вероника в беретке";"";"";"kukla-veronika-v-beretke";"";"";"Высота: 87 см";"http://www.lavatoys.ru/media/thumbs/84/84/8484106701162e017e718b559939b2bf.jpg"
"Кукла Варенька в ситцевом платье";"";"961B";"RUB";"499";"1";"599";"";"";"";"";"Кукла Варенька в ситцевом платье";"";"";"kukla-varenka-v-sittsevom-plate";"";"";"Высота: 22 см";"http://www.lavatoys.ru/media/thumbs/46/a8/46a81f3e9169f656bab842c4d6c06551.jpg"
"Кукла Варенька в свитере";"";"961C";"RUB";"449";"1";"599";"";"";"";"";"Кукла Варенька в свитере";"";"";"kukla-varenka-v-svitere";"";"";"Высота: 23 см";"http://www.lavatoys.ru/media/thumbs/e4/96/e496dbaa6c89024416a9ba4618571ce7.jpg"
"Кукла Варенька в вельветовом платье";"";"961A";"RUB";"499";"1";"599";"";"";"";"";"Кукла Варенька в вельветовом платье";"";"";"kukla-varenka-v-velvetovom-plate";"";"";"Высота: 22 см";"http://www.lavatoys.ru/media/thumbs/39/99/3999cf1fba258d5fb1b26d7bc2c3e6e6.jpg"
"Кукла Варенька";"";"961";"RUB";"499";"1";"599";"";"";"";"";"Кукла Варенька";"";"";"kukla-varenka";"";"";"Высота: 22 см";"http://www.lavatoys.ru/media/thumbs/df/d1/dfd10eeafb9db8c9ee4789aa3ce272a1.jpg"
"Кукла в шляпе";"";"879";"RUB";"499";"1";"599";"";"";"";"";"Кукла в шляпе";"";"";"kukla-v-shlyape";"";"";"Высота: 24 см";"http://www.lavatoys.ru/media/thumbs/25/4c/254c1a093cfe60bf3716ce2be99f8459.jpg"
"Кукла Алина";"";"791";"RUB";"399";"1";"499";"";"";"";"";"Кукла Алина";"";"";"kukla-alina";"";"";"Высота: 21 см";"http://www.lavatoys.ru/media/thumbs/0b/5e/0b5ee7de89768bd435547d55c12b3322.jpg"
"Кукла Алёнушка в русском сарафане";"";"1209";"RUB";"349";"1";"699";"";"";"";"";"Кукла Алёнушка в русском сарафане";"";"";"kukla-alёnushka-v-russkom-sarafane";"";"";"Высота: 26 см";"http://www.lavatoys.ru/media/thumbs/3b/d3/3bd347130701ecbce2a65bbbd4cac99a.jpg"
"Красная шапочка средняя";"";"419B";"RUB";"549";"1";"";"";"";"";"";"Красная шапочка средняя";"";"";"krasnaya-shapochka-srednyaya";"";"";"Высота: 27 см";"http://www.lavatoys.ru/media/thumbs/be/11/be11d6b6c540f895fdef0a0382e38e37.jpg"
"Красная шапочка малая";"";"419A";"RUB";"449";"1";"549";"";"";"";"";"Красная шапочка малая";"";"";"krasnaya-shapochka-malaya";"";"";"Высота: 22 см";"http://www.lavatoys.ru/media/thumbs/ad/43/ad43d84b95ac10a41c0deb6589f395dd.jpg"
"!!Лисы";"";"";"";"";"";"";"";"";"";"";"";"";"";"";"";"";""
"Лисичка в платье малая";"";"8714";"RUB";"299";"1";"429";"";"";"";"";"Лисичка в платье малая";"";"";"lisichka-v-plate-malaya";"";"";"Высота: 18 см";"http://www.lavatoys.ru/media/thumbs/a3/60/a36051a36586ac221caa691ecad4c5c6.jpg"
"Лисёнок-малыш";"";"8677";"RUB";"299";"1";"399";"";"";"";"";"Лисёнок-малыш";"";"";"lisёnok-malysh";"";"";"Высота: 20 см";"http://www.lavatoys.ru/media/thumbs/d7/ba/d7baeb3342290bf8318913622451f608.jpg"
"Лисёнок Лёлик в футболочке";"";"8444A";"RUB";"299";"1";"449";"";"";"";"";"Лисёнок Лёлик в футболочке";"";"";"lisёnok-lёlik-v-futbolochke";"";"";"Высота: 22 см";"http://www.lavatoys.ru/media/thumbs/66/8f/668f204bbcf0d7d68924e44ec8349fd9.jpg"
"Лисёнок";"";"8755";"RUB";"239";"1";"399";"";"";"";"";"Лисёнок";"";"";"lisёnok";"";"";"Высота: 20 см";"http://www.lavatoys.ru/media/thumbs/d1/01/d1016d4f2dc800ee00044f21b5f2e6e3.jpg"
"Лиса с виноградом малая";"";"227A";"RUB";"399";"1";"499";"";"";"";"";"Лиса с виноградом малая";"";"";"lisa-s-vinogradom-malaya";"";"";"Высота: 24 см";"http://www.lavatoys.ru/media/thumbs/8c/b3/8cb33acc99bb8a0435e718444b1b60c3.jpg"
"Лиса с виноградом";"";"190";"RUB";"569";"1";"699";"";"";"";"";"Лиса с виноградом";"";"";"lisa-s-vinogradom";"";"";"Высота: 29 см";"http://www.lavatoys.ru/media/thumbs/88/4f/884f8710c97f5b39a1a89ff5fb97ce0e.jpg"
"Лиса с веночком";"";"227";"RUB";"399";"1";"499";"";"";"";"";"Лиса с веночком";"";"";"lisa-s-venochkom";"";"";"Высота: 22,5 см";"http://www.lavatoys.ru/media/thumbs/05/75/0575f4abbfb6699006f5f06790617af2.jpg"
"!!Лошади";"";"";"";"";"";"";"";"";"";"";"";"";"";"";"";"";""
"Лошадь средняя";"";"858B";"RUB";"199";"1";"599";"";"";"";"";"Лошадь средняя";"";"";"loshad-srednyaya";"";"";"Высота: 29 см";"http://www.lavatoys.ru/media/thumbs/67/ee/67ee55cff7ffa5e1998d9e2cd24150b3.jpg"
"Лошадь с крыльями";"";"551";"RUB";"299";"1";"699";"";"";"";"";"Лошадь с крыльями";"";"";"loshad-s-krylyami";"";"";"Высота: 30 см";"http://www.lavatoys.ru/media/thumbs/79/4d/794d6ad4becc5842ecc2f465ff0cb7c9.jpg"
"Лошадь малая";"";"858A";"RUB";"199";"1";"499";"";"";"";"";"Лошадь малая";"";"";"loshad-malaya";"";"";"Высота: 24,5 см";"http://www.lavatoys.ru/media/thumbs/7b/ea/7beae2af2e30f6d6cbdc905f98fb4b8a.jpg"
"Лошадка Пэгги";"";"698A";"RUB";"399";"1";"599";"";"";"";"";"Лошадка Пэгги";"";"";"loshadka-peggi";"";"";"Высота: 29 см";"http://www.lavatoys.ru/media/thumbs/09/3e/093e890d56322c6da901e624f1f8378a.jpg"
"!!Львы";"";"";"";"";"";"";"";"";"";"";"";"";"";"";"";"";""
"Львёнок-игрун";"";"8163";"RUB";"369";"1";"";"";"";"";"";"Львёнок-игрун";"";"";"lvёnok-igrun";"";"";"Высота: 20 см";"http://www.lavatoys.ru/media/thumbs/cf/9f/cf9fb42ce7fdd682a12ceb6f81d0376a.jpg"
"Львёнок сидящий малый";"";"457A";"RUB";"299";"1";"699";"";"";"";"";"Львёнок сидящий малый";"";"";"lvёnok-sidyashchiy-malyy";"";"";"Высота: 26 см";"http://www.lavatoys.ru/media/thumbs/6b/99/6b9990823c23e62d510a59b6b17e079e.jpg"
"Львёнок сидящий в штанишках";"";"356A";"RUB";"299";"1";"699";"";"";"";"";"Львёнок сидящий в штанишках";"";"";"lvёnok-sidyashchiy-v-shtanishkakh";"";"";"Высота: 26 см";"http://www.lavatoys.ru/media/thumbs/9f/a8/9fa81ee594c34b64d86b6a4f8a061d6c.jpg"
"Львёнок Кузя сидящий";"";"542**";"RUB";"399";"1";"";"";"";"";"";"Львёнок Кузя сидящий";"";"";"lvёnok-kuzya-sidyashchiy";"";"";"Высота: 22 см";"http://www.lavatoys.ru/media/thumbs/bc/c3/bcc3fd0a60eb780904ff5f474cae2a9a.jpg"
"Львёнок Вилли";"";"1110";"RUB";"269";"1";"499";"";"";"";"";"Львёнок Вилли";"";"";"lvёnok-villi";"";"";"Высота: 21 см";"http://www.lavatoys.ru/media/thumbs/01/a9/01a949bb17ccce22eee488c8a5ebe417.jpg"
"Львёнок в короне";"";"8824";"RUB";"299";"1";"599";"";"";"";"";"Львёнок в короне";"";"";"lvёnok-v-korone";"";"";"Высота: 25 см";"http://www.lavatoys.ru/media/thumbs/e7/7c/e77cd7baf9ba2263ff89ad73741ad2c5.jpg"
"Лев Рони";"";"8794";"RUB";"399";"1";"";"";"";"";"";"Лев Рони";"";"";"lev-roni";"";"";"Высота: 22 см";"http://www.lavatoys.ru/media/thumbs/14/65/14652027e0bc99401c038d0ad7cf05ce.jpg"
"Лев";"";"443";"RUB";"399";"1";"599";"";"";"";"";"Лев";"";"";"lev";"";"";"Высота: 25 см";"http://www.lavatoys.ru/media/thumbs/1a/f3/1af3407a5f633059da44988d07e75879.jpg"
"!!Лягушки";"";"";"";"";"";"";"";"";"";"";"";"";"";"";"";"";""
"Лягушонок-морячок";"";"8252";"RUB";"239";"1";"539";"";"";"";"";"Лягушонок-морячок";"";"";"lyagushonok-moryachok";"";"";"Высота: 21 см";"http://www.lavatoys.ru/media/thumbs/23/3e/233e4c8d332809e20062686ac8781a7f.jpg"
"Лягушонок длинноногий";"";"8072";"RUB";"299";"1";"499";"";"";"";"";"Лягушонок длинноногий";"";"";"lyagushonok-dlinnonogiy";"";"";"Высота: 21 см";"http://www.lavatoys.ru/media/thumbs/fe/11/fe112c990b7878cc4190fc686de02a01.jpg"
"Лягушка-царевна";"";"8779";"RUB";"249";"1";"499";"";"";"";"";"Лягушка-царевна";"";"";"lyagushka-tsarevna";"";"";"Высота: 19 см";"http://www.lavatoys.ru/media/thumbs/83/a6/83a6f8e5490c519ab970584317f0531d.jpg"
"Лягушка поющая";"";"8814s";"RUB";"299";"1";"1 199";"";"";"";"";"Лягушка поющая";"";"";"lyagushka-poyushchaya";"";"";"Высота: 26 см";"http://www.lavatoys.ru/media/thumbs/40/72/4072971ce6f25a505670b1ec31f6a755.jpg"
"Лягушка мини";"";"1190";"RUB";"199";"1";"429";"";"";"";"";"Лягушка мини";"";"";"lyagushka-mini";"";"";"Высота: 29 см";"http://www.lavatoys.ru/media/thumbs/92/c5/92c5e9243c5c292e577d5261ae532c59.jpg"
"Лягушка";"";"1123";"RUB";"399";"1";"899";"";"";"";"";"Лягушка";"";"";"lyagushka";"";"";"Высота: 50 см";"http://www.lavatoys.ru/media/thumbs/61/84/618410cb25ca4fc316e43bc7ed8ac600.jpg"
"!!Медведи";"";"";"";"";"";"";"";"";"";"";"";"";"";"";"";"";""
"Мишка коричневый средний";"";"4094B";"RUB";"699";"1";"1 199";"";"";"";"";"Мишка коричневый средний";"";"";"mishka-korichnevyy-sredniy";"";"";"Высота: 31,5 см";"http://www.lavatoys.ru/media/thumbs/95/39/9539595926eda2f0004b451290f831ee.jpg"
"Мишка в шарфе и носочках";"";"1166";"RUB";"299";"1";"599";"";"";"";"";"Мишка в шарфе и носочках";"";"";"mishka-v-sharfe-i-nosochkakh";"";"";"Высота: 21 см";"http://www.lavatoys.ru/media/thumbs/35/3a/353a4a1a1c28eafea2d43428fb31a990.jpg"
"Мишка белый блестящий с сердцем";"";"1060";"RUB";"399";"1";"";"";"";"";"";"Мишка белый блестящий с сердцем";"";"";"mishka-belyy-blestyashchiy-s-serdtsem";"";"";"Высота: 20 см";"http://www.lavatoys.ru/media/thumbs/81/8c/818c024a98ab0f4414a43dc585624525.jpg"
"Мишка белый  светящийся";"";"8503";"RUB";"599";"1";"999";"";"";"";"";"Мишка белый  светящийся";"";"";"mishka-belyy--svetyashchiysya";"";"";"Высота: 29 см";"http://www.lavatoys.ru/media/thumbs/ce/20/ce2009d94d031e7075301e41ef7f43e8.jpg"
"Медвежонок-девочка в платье с блёстками";"";"8622A";"RUB";"199";"1";"399";"";"";"";"";"Медвежонок-девочка в платье с блёстками";"";"";"medvezhonok-devochka-v-plate-s-blёstkami";"";"";"Высота: 18 см";"http://www.lavatoys.ru/media/thumbs/ff/20/ff20b7e66c80a94b47486c5e35896bcf.jpg"
"Медвежонок-девочка в платье";"";"8622";"RUB";"199";"1";"399";"";"";"";"";"Медвежонок-девочка в платье";"";"";"medvezhonok-devochka-v-plate";"";"";"Высота: 18 см";"http://www.lavatoys.ru/media/thumbs/4f/cf/4fcf9bdb140a068b8bfd1a22de37ddc1.jpg"
"Медвежонок Эндрю коричневый";"";"8746";"RUB";"499";"1";"1 199";"";"";"";"";"Медвежонок Эндрю коричневый";"";"";"medvezhonok-endryu-korichnevyy";"";"";"Высота: 34 см";"http://www.lavatoys.ru/media/thumbs/03/0c/030c7a2eca684ac8c205a1b38d44474e.jpg"
"Медвежонок Стив серый с бордовым сердцем";"";"8757C";"RUB";"399";"1";"739";"";"";"";"";"Медвежонок Стив серый с бордовым сердцем";"";"";"medvezhonok-stiv-seryy-s-bordovym-serdtsem";"";"";"Высота: 26 см";"http://www.lavatoys.ru/media/thumbs/d7/9c/d79c33910e4e4333cd501ec7aff50876.jpg"
"Медвежонок Стив серый";"";"8757B";"RUB";"399";"1";"669";"";"";"";"";"Медвежонок Стив серый";"";"";"medvezhonok-stiv-seryy";"";"";"Высота: 26 см";"http://www.lavatoys.ru/media/thumbs/a1/6b/a16bccf2b03f628cfc06bc45162e1d4a.jpg"
"Медвежонок Стив коричневый";"";"8757A";"RUB";"399";"1";"669";"";"";"";"";"Медвежонок Стив коричневый";"";"";"medvezhonok-stiv-korichnevyy";"";"";"Высота: 26 см";"http://www.lavatoys.ru/media/thumbs/c7/09/c709b7425a684aafa1100982b8ccc2b3.jpg"
"Медвежонок сиреневый с косынкой";"";"1230";"RUB";"299";"1";"599";"";"";"";"";"Медвежонок сиреневый с косынкой";"";"";"medvezhonok-sirenevyy-s-kosynkoy";"";"";"Высота: 24 см";"http://www.lavatoys.ru/media/thumbs/65/68/656814bdd278e0df969a15e022570a84.jpg"
"Медвежонок Сёма в кофточке";"";"8355A";"RUB";"369";"1";"739";"";"";"";"";"Медвежонок Сёма в кофточке";"";"";"medvezhonok-sёma-v-koftochke";"";"";"Высота: 24 см";"http://www.lavatoys.ru/media/thumbs/37/17/37179f51f83821898c0d86b1bf5267de.jpg"
"Медвежонок с парчовым сердцем";"";"8383W";"RUB";"399";"1";"469";"";"";"";"";"Медвежонок с парчовым сердцем";"";"";"medvezhonok-s-parchovym-serdtsem";"";"";"Высота: 21 см";"http://www.lavatoys.ru/media/thumbs/82/c6/82c6f0d4ac2895279504fe5f26e8bf48.jpg"
"Медвежонок с нарциссом";"";"8383";"RUB";"299";"1";"469";"";"";"";"";"Медвежонок с нарциссом";"";"";"medvezhonok-s-nartsissom";"";"";"Высота: 20,5 см";"http://www.lavatoys.ru/media/thumbs/74/8b/748b06387a40191aee30028412726a02.jpg"
"Медвежонок с декоративным цветком";"";"1144";"RUB";"369";"1";"569";"";"";"";"";"Медвежонок с декоративным цветком";"";"";"medvezhonok-s-dekorativnym-tsvetkom";"";"";"Высота: 22 см";"http://www.lavatoys.ru/media/thumbs/a4/42/a442cdac39e82aecd910b12b50dfe480.jpg"
"Медвежонок с большой ромашкой";"";"8383Y";"RUB";"299";"1";"469";"";"";"";"";"Медвежонок с большой ромашкой";"";"";"medvezhonok-s-bolshoy-romashkoy";"";"";"Высота: 21 см";"http://www.lavatoys.ru/media/thumbs/13/ce/13ce3c88f2bd3f92cf82f320c552da80.jpg"
"Медвежонок Масик с мимозой";"";"8546P";"RUB";"239";"1";"399";"";"";"";"";"Медвежонок Масик с мимозой";"";"";"medvezhonok-masik-s-mimozoy";"";"";"Высота: 17,5 см";"http://www.lavatoys.ru/media/thumbs/de/65/de65c6c63019e38b1426c46ac90649ba.jpg"
"Медвежонок Масик с бантиком";"";"8546S";"RUB";"239";"1";"399";"";"";"";"";"Медвежонок Масик с бантиком";"";"";"medvezhonok-masik-s-bantikom";"";"";"Высота: 17,5 см";"http://www.lavatoys.ru/media/thumbs/11/e8/11e84934281c05f23939eec2a6b97c54.jpg"
"Медвежонок Масик в маечке с вишнями";"";"8546F";"RUB";"239";"1";"399";"";"";"";"";"Медвежонок Масик в маечке с вишнями";"";"";"medvezhonok-masik-v-maechke-s-vishnyami";"";"";"Высота: 17,5 см";"http://www.lavatoys.ru/media/thumbs/74/95/749509792400a109faffc883a4ee1694.jpg"
"Медвежонок лохматый в футболочке";"";"8587";"RUB";"199";"1";"399";"";"";"";"";"Медвежонок лохматый в футболочке";"";"";"medvezhonok-lokhmatyy-v-futbolochke";"";"";"Высота: 18 см";"http://www.lavatoys.ru/media/thumbs/22/81/228141701ce3895ac1e3d63b777f0afa.jpg"
"Медвежонок лохматый в зелёном свитере";"";"8648A";"RUB";"199";"1";"399";"";"";"";"";"Медвежонок лохматый в зелёном свитере";"";"";"medvezhonok-lokhmatyy-v-zelёnom-svitere";"";"";"Высота: 18 см";"http://www.lavatoys.ru/media/thumbs/73/c5/73c5251052fb66fafe406f24f7a89103.jpg"
"Медвежонок Дэнни с сердцем";"";"8783B";"RUB";"469";"1";"669";"";"";"";"";"Медвежонок Дэнни с сердцем";"";"";"medvezhonok-denni-s-serdtsem";"";"";"Высота: 24 см";"http://www.lavatoys.ru/media/thumbs/9e/fe/9efe6b18a2f9ae6a3f53a7bde338dcac.jpg"
"Медвежонок Дэнни с малиновым бантом";"";"8783A";"RUB";"299";"1";"599";"";"";"";"";"Медвежонок Дэнни с малиновым бантом";"";"";"medvezhonok-denni-s-malinovym-bantom";"";"";"Высота: 24 см";"http://www.lavatoys.ru/media/thumbs/e4/e4/e4e4e1a85db64292f0d7c8545a32fbac.jpg"
"Медвежонок Даня";"";"1235";"RUB";"199";"1";"399";"";"";"";"";"Медвежонок Даня";"";"";"medvezhonok-danya";"";"";"Высота: 18 см";"http://www.lavatoys.ru/media/thumbs/8d/28/8d2821c4f0b313dca14c6151871f262b.jpg"
"Медвежонок Вильям";"";"1236";"RUB";"399";"1";"669";"";"";"";"";"Медвежонок Вильям";"";"";"medvezhonok-vilyam";"";"";"Высота: 25 см";"http://www.lavatoys.ru/media/thumbs/6a/aa/6aaa8a7cce81ded15dcf53c83983bac7.jpg"
"Медвежонок в футболке в полосочку";"";"8383K";"RUB";"299";"1";"469";"";"";"";"";"Медвежонок в футболке в полосочку";"";"";"medvezhonok-v-futbolke-v-polosochku";"";"";"Высота: 21 см";"http://www.lavatoys.ru/media/thumbs/3d/e4/3de4a9916591bc8247be754d8b252092.jpg"
"Медвежонок в кофточке в серую полоску";"";"8383Q";"RUB";"299";"1";"469";"";"";"";"";"Медвежонок в кофточке в серую полоску";"";"";"medvezhonok-v-koftochke-v-seruyu-polosku";"";"";"Высота: 21 см";"http://www.lavatoys.ru/media/thumbs/f0/07/f007c83b5394e8f8c4d2cf30d91b63ee.jpg"
"Медвежонок Берни в ушанке";"";"8533L";"RUB";"299";"1";"399";"";"";"";"";"Медвежонок Берни в ушанке";"";"";"medvezhonok-berni-v-ushanke";"";"";"Высота: 18 см";"http://www.lavatoys.ru/media/thumbs/5e/46/5e46c94db46ef55867c2f1d352aadf50.jpg"
"Медвежонок Бадди";"";"1219";"RUB";"399";"1";"599";"";"";"";"";"Медвежонок Бадди";"";"";"medvezhonok-baddi";"";"";"Высота: 23 см";"http://www.lavatoys.ru/media/thumbs/ad/f6/adf6b30b9a1d41677f1bb4d60095aa0f.jpg"
"Медведь Филипп";"";"1070";"RUB";"499";"1";"799";"";"";"";"";"Медведь Филипп";"";"";"medved-filipp";"";"";"Высота: 27 см";"http://www.lavatoys.ru/media/thumbs/4f/d8/4fd8f7cbb9b7a695990a600b7293814c.jpg"
"Медведь Тима цветной";"";"8257E";"RUB";"599";"1";"1 699";"";"";"";"";"Медведь Тима цветной";"";"";"medved-tima-tsvetnoy";"";"";"Высота: 36 см";"http://www.lavatoys.ru/media/thumbs/bd/f4/bdf4c3d713d526349f9fe726772710bf.jpg"
"Медведь Тима";"";"8257B";"RUB";"599";"1";"1 699";"";"";"";"";"Медведь Тима";"";"";"medved-tima";"";"";"Высота: 36 см";"http://www.lavatoys.ru/media/thumbs/16/85/168570cd9d2cf8f865a4c3b3a0241d12.jpg"
"Медведь светящийся малый";"";"8332B";"RUB";"399";"1";"799";"";"";"";"";"Медведь светящийся малый";"";"";"medved-svetyashchiysya-malyy";"";"";"Высота: 24 см";"http://www.lavatoys.ru/media/thumbs/ef/79/ef79cf398530f2b4352b35dafea2240f.jpg"
"Медведь светящийся";"";"8332";"RUB";"499";"1";"1 199";"";"";"";"";"Медведь светящийся";"";"";"medved-svetyashchiysya";"";"";"Высота: 28 см";"http://www.lavatoys.ru/media/thumbs/08/a3/08a3a6dcb45db837b27bd81a8c36357e.jpg"
"Медведь Сафрон";"";"8453";"RUB";"299";"1";"599";"";"";"";"";"Медведь Сафрон";"";"";"medved-safron";"";"";"Высота: 23 см";"http://www.lavatoys.ru/media/thumbs/b1/00/b1007f51930f24e19667115aba6cfaaf.jpg"
"Медведь с красным сердцем";"";"1096A";"RUB";"399";"1";"569";"";"";"";"";"Медведь с красным сердцем";"";"";"medved-s-krasnym-serdtsem";"";"";"Высота: 22 см";"http://www.lavatoys.ru/media/thumbs/35/ce/35ce9f831e411d9d65d79ceb745d12de.jpg"
"Медведь с декоративными сердечками";"";"867";"RUB";"499";"1";"669";"";"";"";"";"Медведь с декоративными сердечками";"";"";"medved-s-dekorativnymi-serdechkami";"";"";"Высота: 26 см";"http://www.lavatoys.ru/media/thumbs/9c/42/9c42ae17a9a623c5007fbd27b7e9571d.jpg"
"Медведь с декоративными пятками";"";"8517";"RUB";"299";"1";"499";"";"";"";"";"Медведь с декоративными пятками";"";"";"medved-s-dekorativnymi-pyatkami";"";"";"Высота: 22 см";"http://www.lavatoys.ru/media/thumbs/85/76/85769ff9ec29f47a5711d2e7486eafc3.jpg"
"Медведь с декоративным сердцем малый";"";"863A";"RUB";"499";"1";"699";"";"";"";"";"Медведь с декоративным сердцем малый";"";"";"medved-s-dekorativnym-serdtsem-malyy";"";"";"Высота: 25 см";"http://www.lavatoys.ru/media/thumbs/91/cf/91cf2fee8b2cf847a308eaaf8df297c5.jpg"
"Медведь с декоративным сердцем большой";"";"863B";"RUB";"699";"1";"1 299";"";"";"";"";"Медведь с декоративным сердцем большой";"";"";"medved-s-dekorativnym-serdtsem-bolshoy";"";"";"Высота: 32,5 см";"http://www.lavatoys.ru/media/thumbs/b5/ff/b5ffa247c9c0b85ee393c219436eda1d.jpg"
"Медведь с декоративным бантом";"";"8415A";"RUB";"999";"1";"1 999";"";"";"";"";"Медведь с декоративным бантом";"";"";"medved-s-dekorativnym-bantom";"";"";"Высота: 38 см";"http://www.lavatoys.ru/media/thumbs/cc/15/cc157d44ff2d0e22b59cf11dc7312fe4.jpg"
"Медведь с голубым бантом малый";"";"8702A";"RUB";"269";"1";"399";"";"";"";"";"Медведь с голубым бантом малый";"";"";"medved-s-golubym-bantom-malyy";"";"";"Высота: 16,5 см";"http://www.lavatoys.ru/media/thumbs/52/09/52091daf53edcc396ee19d63e1ca562f.jpg"
"Медведь с голубым бантом большой";"";"8702";"RUB";"399";"1";"599";"";"";"";"";"Медведь с голубым бантом большой";"";"";"medved-s-golubym-bantom-bolshoy";"";"";"Высота: 24 см";"http://www.lavatoys.ru/media/thumbs/bb/55/bb5581200b6e73a63d6d0d879e26f7dc.jpg"
"Медведь Оливер в русском наряде";"";"8787A";"RUB";"199";"1";"399";"";"";"";"";"Медведь Оливер в русском наряде";"";"";"medved-oliver-v-russkom-naryade";"";"";"Высота: 24 см";"http://www.lavatoys.ru/media/thumbs/b6/b1/b6b1047b22bdea117cb8ce3752eaf8ff.jpg"
"Медведь Оливер в курточке";"";"8787B";"RUB";"199";"1";"399";"";"";"";"";"Медведь Оливер в курточке";"";"";"medved-oliver-v-kurtochke";"";"";"Высота: 24 см";"http://www.lavatoys.ru/media/thumbs/31/6e/316e9a65990589a23a42cd1eb2b22bc7.jpg"
"Медведь Оливер в вельветовых штанишках";"";"8787C";"RUB";"199";"1";"399";"";"";"";"";"Медведь Оливер в вельветовых штанишках";"";"";"medved-oliver-v-velvetovykh-shtanishkakh";"";"";"Высота: 24 см";"http://www.lavatoys.ru/media/thumbs/dc/36/dc361879148eab1fb3051c8fef023a7f.jpg"
"Медведь Оливер";"";"8787";"RUB";"199";"1";"399";"";"";"";"";"Медведь Оливер";"";"";"medved-oliver";"";"";"Высота: 24 см";"http://www.lavatoys.ru/media/thumbs/e2/a2/e2a2cac12591217e3dc8c81766d80c4e.jpg"
"Медведь Ларс";"";"1076";"RUB";"369";"1";"799";"";"";"";"";"Медведь Ларс";"";"";"medved-lars";"";"";"Высота: 29 см";"http://www.lavatoys.ru/media/thumbs/7c/3c/7c3c865ad41555fb0e0d0d206b6782b5.jpg"
"Медведь коричневый / бежевый";"";"8186D";"RUB";"499";"1";"1 199";"";"";"";"";"Медведь коричневый / бежевый";"";"";"medved-korichnevyy--bezhevyy";"";"";"Высота: 33,5 см";"http://www.lavatoys.ru/media/thumbs/b6/a1/b6a1cde79e202bc76f0f8da3c2ce52ad.jpg"
"Медведь классический с бантом";"";"1064";"RUB";"499";"1";"899";"";"";"";"";"Медведь классический с бантом";"";"";"medved-klassicheskiy-s-bantom";"";"";"Высота: 28 см";"http://www.lavatoys.ru/media/thumbs/a7/b4/a7b4d77963e259bbedede14d45b5fd14.jpg"
"Медведь декоративный светлый мини";"";"1054A";"RUB";"299";"1";"399";"";"";"";"";"Медведь декоративный светлый мини";"";"";"medved-dekorativnyy-svetlyy-mini";"";"";"Высота: 20 см";"http://www.lavatoys.ru/media/thumbs/04/44/044491c939772b2d70362a6b3740f583.jpg"
"Медведь декоративный нежный малый";"";"660C";"RUB";"499";"1";"669";"";"";"";"";"Медведь декоративный нежный малый";"";"";"medved-dekorativnyy-nezhnyy-malyy";"";"";"Высота: 26 см";"http://www.lavatoys.ru/media/thumbs/ac/4d/ac4de1d2d0558c7f4fed19a62a62adb8.jpg"
"Медведь декоративный мини";"";"1054";"RUB";"399";"1";"";"";"";"";"";"Медведь декоративный мини";"";"";"medved-dekorativnyy-mini";"";"";"Высота: 20 см";"http://www.lavatoys.ru/media/thumbs/4d/a5/4da5506666f018c599215107ac2f8f3b.jpg"
"Медведь декоративный малый";"";"660B";"RUB";"499";"1";"669";"";"";"";"";"Медведь декоративный малый";"";"";"medved-dekorativnyy-malyy";"";"";"Высота: 26 см";"http://www.lavatoys.ru/media/thumbs/c9/bb/c9bb51d34c4ef460d11676297ec19a88.jpg"
"Медведь декоративный большой";"";"544B";"RUB";"599";"1";"999";"";"";"";"";"Медведь декоративный большой";"";"";"medved-dekorativnyy-bolshoy";"";"";"Высота: 34 см";"http://www.lavatoys.ru/media/thumbs/b5/af/b5af84b81f346326a2d4145e384a94e0.jpg"
"Медведь Берни с конвертом";"";"8533K";"RUB";"299";"1";"399";"";"";"";"";"Медведь Берни с конвертом";"";"";"medved-berni-s-konvertom";"";"";"Высота: 18 см";"http://www.lavatoys.ru/media/thumbs/3f/5f/3f5f1122abbb14da8e12f50760165045.jpg"
"Медведь Берни с декоративным бантом малый";"";"8533J";"RUB";"299";"1";"399";"";"";"";"";"Медведь Берни с декоративным бантом малый";"";"";"medved-berni-s-dekorativnym-bantom-malyy";"";"";"Высота: 18 см";"http://www.lavatoys.ru/media/thumbs/be/c1/bec183f272bde2c47511bfb0fde9a674.jpg"
"Медведь Берни малый";"";"8533A";"RUB";"199";"1";"399";"";"";"";"";"Медведь Берни малый";"";"";"medved-berni-malyy";"";"";"Высота: 18 см";"http://www.lavatoys.ru/media/thumbs/5b/ca/5bca92772e1c76f4c8ddedf48e31546a.jpg"
"Медведь Берни декоративный";"";"8533E";"RUB";"299";"1";"399";"";"";"";"";"Медведь Берни декоративный";"";"";"medved-berni-dekorativnyy";"";"";"Высота: 18 см";"http://www.lavatoys.ru/media/thumbs/7e/90/7e901711d0e13075dccc601478b18238.jpg"
"Медведь Берни в жилетке малый";"";"8533F";"RUB";"299";"1";"399";"";"";"";"";"Медведь Берни в жилетке малый";"";"";"medved-berni-v-zhiletke-malyy";"";"";"Высота: 18 см";"http://www.lavatoys.ru/media/thumbs/38/a8/38a82aefcb966fb09bef0caee264976a.jpg"
"Медведь Берни";"";"8533";"RUB";"319";"1";"469";"";"";"";"";"Медведь Берни";"";"";"medved-berni";"";"";"Высота: 21,5 см";"http://www.lavatoys.ru/media/thumbs/58/3b/583b397630e59bc92495be3ca849d537.jpg"
"Медведь белый с сердцем малый";"";"284A";"RUB";"499";"1";"899";"";"";"";"";"Медведь белый с сердцем малый";"";"";"medved-belyy-s-serdtsem-malyy";"";"";"Высота: 26 см";"http://www.lavatoys.ru/media/thumbs/f2/08/f20897ae8eb99234c3c56e6077ae09b7.jpg"
"Медведь белый с сердцем большой";"";"284B";"RUB";"799";"1";"1 699";"";"";"";"";"Медведь белый с сердцем большой";"";"";"medved-belyy-s-serdtsem-bolshoy";"";"";"Высота: 34 см";"http://www.lavatoys.ru/media/thumbs/f1/c4/f1c4823b92813e646d8070109bd9c044.jpg"
"Медведь белый с красным бантом малый";"";"1136A";"RUB";"499";"1";"699";"";"";"";"";"Медведь белый с красным бантом малый";"";"";"medved-belyy-s-krasnym-bantom-malyy";"";"";"Высота: 25 см";"http://www.lavatoys.ru/media/thumbs/4a/21/4a21e07843aa6681013a26e04a4c2c10.jpg"
"Медведь белый с красным бантом большой";"";"1136B";"RUB";"699";"1";"1 199";"";"";"";"";"Медведь белый с красным бантом большой";"";"";"medved-belyy-s-krasnym-bantom-bolshoy";"";"";"Высота: 31 см";"http://www.lavatoys.ru/media/thumbs/46/13/461326b171a72d887773dd55bd8c6f6c.jpg"
"Медведь белый с декоративным бантом";"";"8415B";"RUB";"999";"1";"1 999";"";"";"";"";"Медведь белый с декоративным бантом";"";"";"medved-belyy-s-dekorativnym-bantom";"";"";"Высота: 38 см";"http://www.lavatoys.ru/media/thumbs/e6/68/e668010553a8f6b5537df5fa9526ac51.jpg"
"Медведь белый с бантом большой";"";"544A";"RUB";"699";"1";"1 199";"";"";"";"";"Медведь белый с бантом большой";"";"";"medved-belyy-s-bantom-bolshoy";"";"";"Высота: 31 см";"http://www.lavatoys.ru/media/thumbs/ee/b7/eeb7444f760a4750e96ba1ad2ba35ce6.jpg"
"Медведь Барри малый";"";"8545A";"RUB";"599";"1";"899";"";"";"";"";"Медведь Барри малый";"";"";"medved-barri-malyy";"";"";"Высота: 29 см";"http://www.lavatoys.ru/media/thumbs/13/d5/13d55224a5ee5ab7bf4abd89f66a80b6.jpg"
"Медведь Амурчик с букетом роз";"";"1232";"RUB";"349";"1";"429";"";"";"";"";"Медведь Амурчик с букетом роз";"";"";"medved-amurchik-s-buketom-roz";"";"";"Высота: 18 см";"http://www.lavatoys.ru/media/thumbs/df/cb/dfcbb30c7fd8886b523fb8754c854eb4.jpg"
"Медведь Алекс";"";"1198";"RUB";"369";"1";"569";"";"";"";"";"Медведь Алекс";"";"";"medved-aleks";"";"";"Высота: 23 см";"http://www.lavatoys.ru/media/thumbs/17/49/174947f08a11c631ea669a533d09b13b.jpg"
"Медведь / медведица в свадебном наряде";"";"8819";"RUB";"169";"1";"399";"";"";"";"";"Медведь / медведица в свадебном наряде";"";"";"medved--medveditsa-v-svadebnom-naryade";"";"";"Высота: 24 см";"http://www.lavatoys.ru/media/thumbs/19/c0/19c06a0043f3057abc61ec56f8ea6e64.jpg"
"Медведица с малышом сидящая";"";"8620";"RUB";"499";"1";"899";"";"";"";"";"Медведица с малышом сидящая";"";"";"medveditsa-s-malyshom-sidyashchaya";"";"";"Высота: 23,5 см";"http://www.lavatoys.ru/media/thumbs/53/d4/53d430ee98dce7e479d933c9942267f4.jpg"
"Медведица Оливия в русском наряде";"";"8788A";"RUB";"199";"1";"399";"";"";"";"";"Медведица Оливия в русском наряде";"";"";"medveditsa-oliviya-v-russkom-naryade";"";"";"Высота: 24 см";"http://www.lavatoys.ru/media/thumbs/b0/9f/b09f7d2f586c0c6f2e7d7f0806421832.jpg"
"Медведица Оливия";"";"8788";"RUB";"199";"1";"399";"";"";"";"";"Медведица Оливия";"";"";"medveditsa-oliviya";"";"";"Высота: 24 см";"http://www.lavatoys.ru/media/thumbs/da/f8/daf8f8c86cf5779c1c1a2132a1779d30.jpg"
"!!Медвежонок Ники";"";"";"";"";"";"";"";"";"";"";"";"";"";"";"";"";""
"Медвежонок Ники с тюльпаном";"";"8786C";"RUB";"299";"1";"599";"";"";"";"";"Медвежонок Ники с тюльпаном";"";"";"medvezhonok-niki-s-tyulpanom";"";"";"Высота: 21,5 см";"http://www.lavatoys.ru/media/thumbs/e6/5a/e65ae17199a621b8768472434e32bd53.jpg"
"Медвежонок Ники с тортом";"";"8786K";"RUB";"199";"1";"599";"";"";"";"";"Медвежонок Ники с тортом";"";"";"medvezhonok-niki-s-tortom";"";"";"Высота: 21,5 см";"http://www.lavatoys.ru/media/thumbs/c6/23/c62372bdc843acbe9735705881d22aa6.jpg"
"Медвежонок Ники с клетчатым бантом";"";"8786H";"RUB";"299";"1";"599";"";"";"";"";"Медвежонок Ники с клетчатым бантом";"";"";"medvezhonok-niki-s-kletchatym-bantom";"";"";"Высота: 21,5 см";"http://www.lavatoys.ru/media/thumbs/44/de/44de34e85637aaf012d0100164a6978a.jpg"
"Медвежонок Ники в футболке с синим орнаментом";"";"8786J";"RUB";"299";"1";"599";"";"";"";"";"Медвежонок Ники в футболке с синим орнаментом";"";"";"medvezhonok-niki-v-futbolke-s-sinim-ornamentom";"";"";"Высота: 21,5 см";"http://www.lavatoys.ru/media/thumbs/ce/12/ce12d2b56e667300026a31fd28cfafc9.jpg"
"Медвежонок Ники в футболке с молнией";"";"8786G";"RUB";"199";"1";"599";"";"";"";"";"Медвежонок Ники в футболке с молнией";"";"";"medvezhonok-niki-v-futbolke-s-molniey";"";"";"Высота: 21,5 см";"http://www.lavatoys.ru/media/thumbs/c8/0d/c80d504f79fcf9b9cc44578ff768383f.jpg"
"Медвежонок Ники в футболке с машинкой";"";"8786E";"RUB";"299";"1";"599";"";"";"";"";"Медвежонок Ники в футболке с машинкой";"";"";"medvezhonok-niki-v-futbolke-s-mashinkoy";"";"";"Высота: 21,5 см";"http://www.lavatoys.ru/media/thumbs/15/77/157740b323e81eba127d51e3e2c81e8e.jpg"
"Медвежонок Ники в футболке с матрёшкой";"";"8786D";"RUB";"199";"1";"599";"";"";"";"";"Медвежонок Ники в футболке с матрёшкой";"";"";"medvezhonok-niki-v-futbolke-s-matrёshkoy";"";"";"Высота: 21,5 см";"http://www.lavatoys.ru/media/thumbs/20/c4/20c4a5fc3de5eea1e15ec53279f17adb.jpg"
"Медвежонок Ники в футболке с блестящим сердцем";"";"8786A";"RUB";"299";"1";"599";"";"";"";"";"Медвежонок Ники в футболке с блестящим сердцем";"";"";"medvezhonok-niki-v-futbolke-s-blestyashchim-serdtsem";"";"";"Высота: 21,5 см";"http://www.lavatoys.ru/media/thumbs/e3/59/e359516d5993429c7165c04a515b4423.jpg"
"Медвежонок Ники в синей кофточке с бантиками";"";"8786L";"RUB";"299";"1";"599";"";"";"";"";"Медвежонок Ники в синей кофточке с бантиками";"";"";"medvezhonok-niki-v-siney-koftochke-s-bantikami";"";"";"Высота: 21,5 см";"http://www.lavatoys.ru/media/thumbs/b9/b3/b9b3bd274a0e15b54653ae1164c4ccf1.jpg"
"Медвежонок Ники в свитере с блёстками";"";"8786F";"RUB";"299";"1";"599";"";"";"";"";"Медвежонок Ники в свитере с блёстками";"";"";"medvezhonok-niki-v-svitere-s-blёstkami";"";"";"Высота: 21,5 см";"http://www.lavatoys.ru/media/thumbs/ed/95/ed95dee9a33880c78bd6dfc5e7a0a21b.jpg"
"Медвежонок Ники в матроске с якорем";"";"8786B";"RUB";"299";"1";"599";"";"";"";"";"Медвежонок Ники в матроске с якорем";"";"";"medvezhonok-niki-v-matroske-s-yakorem";"";"";"Высота: 21,5 см";"http://www.lavatoys.ru/media/thumbs/36/3d/363d68e984ec97ca07b9baf8badff582.jpg"
"!!Медвежонок Сэмми";"";"";"";"";"";"";"";"";"";"";"";"";"";"";"";"";""
"Медвежонок Сэмми с ромашками";"";"8733E";"RUB";"199";"1";"369";"";"";"";"";"Медвежонок Сэмми с ромашками";"";"";"medvezhonok-semmi-s-romashkami";"";"";"Высота: 18 см";"http://www.lavatoys.ru/media/thumbs/d8/02/d8020811edee185cf316be3dffe6eb97.jpg"
"Медвежонок Сэмми с незабудками";"";"8733S";"RUB";"199";"1";"369";"";"";"";"";"Медвежонок Сэмми с незабудками";"";"";"medvezhonok-semmi-s-nezabudkami";"";"";"Высота: 17,5 см";"http://www.lavatoys.ru/media/thumbs/24/92/249212ee287151b6118e2f66b2b720ab.jpg"
"Медвежонок Сэмми с нарциссами";"";"8733T";"RUB";"199";"1";"369";"";"";"";"";"Медвежонок Сэмми с нарциссами";"";"";"medvezhonok-semmi-s-nartsissami";"";"";"Высота: 17,5 см";"http://www.lavatoys.ru/media/thumbs/26/2b/262b41b265ec6e208978ba74fc1a9ed8.jpg"
"Медвежонок Сэмми с маками";"";"8733G";"RUB";"199";"1";"369";"";"";"";"";"Медвежонок Сэмми с маками";"";"";"medvezhonok-semmi-s-makami";"";"";"Высота: 18 см";"http://www.lavatoys.ru/media/thumbs/e6/b6/e6b6af38437f428d36476179e738b30b.jpg"
"Медвежонок Сэмми с красной каллой";"";"8733N";"RUB";"199";"1";"369";"";"";"";"";"Медвежонок Сэмми с красной каллой";"";"";"medvezhonok-semmi-s-krasnoy-kalloy";"";"";"Высота: 17,5 см";"http://www.lavatoys.ru/media/thumbs/35/b8/35b88be3fecd5b7843f752c6fe8ce117.jpg"
"Медвежонок Сэмми с ирисом";"";"8733M";"RUB";"199";"1";"369";"";"";"";"";"Медвежонок Сэмми с ирисом";"";"";"medvezhonok-semmi-s-irisom";"";"";"Высота: 17,5 см";"http://www.lavatoys.ru/media/thumbs/00/70/0070676d3ba83f148ea6e590e7f84ffd.jpg"
"Медвежонок Сэмми с гвоздиками";"";"8733Q";"RUB";"199";"1";"369";"";"";"";"";"Медвежонок Сэмми с гвоздиками";"";"";"medvezhonok-semmi-s-gvozdikami";"";"";"Высота: 17,5 см";"http://www.lavatoys.ru/media/thumbs/4f/5a/4f5a6f46c9c2d373ffd00e6ac98ea79f.jpg"
"Медвежонок Сэмми с васильками";"";"8733F";"RUB";"199";"1";"369";"";"";"";"";"Медвежонок Сэмми с васильками";"";"";"medvezhonok-semmi-s-vasilkami";"";"";"Высота: 18 см";"http://www.lavatoys.ru/media/thumbs/3f/92/3f92eb1638b0f18c7aa511fe2488d52d.jpg"
"Медвежонок Сэмми в кофточке с декоративным сердечком";"";"8733J";"RUB";"199";"1";"369";"";"";"";"";"Медвежонок Сэмми в кофточке с декоративным сердечком";"";"";"medvezhonok-semmi-v-koftochke-s-dekorativnym-serdechkom";"";"";"Высота: 18 см";"http://www.lavatoys.ru/media/thumbs/2a/6c/2a6cb4bb5c789a16ab903be5292d21fd.jpg"
"Медвежонок Сэмми в клетчатых штанишках";"";"8733A";"RUB";"199";"1";"369";"";"";"";"";"Медвежонок Сэмми в клетчатых штанишках";"";"";"medvezhonok-semmi-v-kletchatykh-shtanishkakh";"";"";"Высота: 18 см";"http://www.lavatoys.ru/media/thumbs/ee/83/ee83aeb881010168e108f8c1034fa71d.jpg"
"!!Морские животные";"";"";"";"";"";"";"";"";"";"";"";"";"";"";"";"";""
"Нерпа";"";"1196";"RUB";"199";"1";"399";"";"";"";"";"Нерпа";"";"";"nerpa";"";"";"Высота: 25 см";"http://www.lavatoys.ru/media/thumbs/e5/e8/e5e84a378bbcdfbad71ff2389853cc5e.jpg"
"Дельфин";"";"1163";"RUB";"199";"1";"399";"";"";"";"";"Дельфин";"";"";"delfin";"";"";"Высота: 21 см";"http://www.lavatoys.ru/media/thumbs/f5/f6/f5f656d3cb7933dd1b260cf69b393da8.jpg"
"Белёк";"";"8773";"RUB";"399";"1";"599";"";"";"";"";"Белёк";"";"";"belёk";"";"";"Высота: 34 см";"http://www.lavatoys.ru/media/thumbs/3c/89/3c89b5af90e15a543b7b881339682a9c.jpg"
"!!Морские свинки";"";"";"";"";"";"";"";"";"";"";"";"";"";"";"";"";""
"Морская свинка";"";"1244";"RUB";"169";"1";"399";"";"";"";"";"Морская свинка";"";"";"morskaya-svinka";"";"";"Высота: 18 см";"http://www.lavatoys.ru/media/thumbs/ef/d4/efd4154aa5e16f326c0822cf4ca477b0.jpg"
"!!Насекомые";"";"";"";"";"";"";"";"";"";"";"";"";"";"";"";"";""
"Пчёлка малая";"";"8594";"RUB";"299";"1";"399";"";"";"";"";"Пчёлка малая";"";"";"pchёlka-malaya";"";"";"Высота: 18,5 см";"http://www.lavatoys.ru/media/thumbs/b4/06/b40667fcee5a49b95b071a9b7c909d7f.jpg"
"Божья коровка в штанишках малая";"";"8462A";"RUB";"319";"1";"";"";"";"";"";"Божья коровка в штанишках малая";"";"";"bozhya-korovka-v-shtanishkakh-malaya";"";"";"Высота: 20 см";"http://www.lavatoys.ru/media/thumbs/2b/33/2b33251cc49ce6ad5ba7a40e61fb6436.jpg"
"Божья коровка";"";"8008";"RUB";"199";"1";"399";"";"";"";"";"Божья коровка";"";"";"bozhya-korovka";"";"";"Высота: 17 см";"http://www.lavatoys.ru/media/thumbs/6c/c8/6cc8c604fdf16ec043a2e93d057128b4.jpg"
"Бабочка малая";"";"8595";"RUB";"299";"1";"399";"";"";"";"";"Бабочка малая";"";"";"babochka-malaya";"";"";"Высота: 18,5 см";"http://www.lavatoys.ru/media/thumbs/e2/e8/e2e87aa8a3b0590580a815f58e08f8d5.jpg"
"!!Олени";"";"";"";"";"";"";"";"";"";"";"";"";"";"";"";"";""
"Оленёнок";"";"8660";"RUB";"139";"1";"339";"";"";"";"";"Оленёнок";"";"";"olenёnok";"";"";"Высота: 22 см";"http://www.lavatoys.ru/media/thumbs/df/dc/dfdcb8c8676d7f470120b224a0fbb565.jpg"
"!!Панды";"";"";"";"";"";"";"";"";"";"";"";"";"";"";"";"";""
"Панда сидящая";"";"380";"RUB";"499";"1";"";"";"";"";"";"Панда сидящая";"";"";"panda-sidyashchaya";"";"";"Высота: 22 см";"http://www.lavatoys.ru/media/thumbs/4e/9d/4e9db9e6ee5f7b5b82d00906b45f01f0.jpg"
"Панда с цветком";"";"873";"RUB";"499";"1";"";"";"";"";"";"Панда с цветком";"";"";"panda-s-tsvetkom";"";"";"Высота: 22 см";"http://www.lavatoys.ru/media/thumbs/de/d5/ded5ede82c08fc18f949115fad41f08d.jpg"
"Панда с малышом стоящая малая";"";"8026A";"RUB";"399";"1";"899";"";"";"";"";"Панда с малышом стоящая малая";"";"";"panda-s-malyshom-stoyashchaya-malaya";"";"";"Высота: 29 см";"http://www.lavatoys.ru/media/thumbs/2d/d5/2dd538c4ceb0c96544c4e197d0ca3a39.jpg"
"Панда с малышом сидящая";"";"8013";"RUB";"399";"1";"799";"";"";"";"";"Панда с малышом сидящая";"";"";"panda-s-malyshom-sidyashchaya";"";"";"Высота: 24 см";"http://www.lavatoys.ru/media/thumbs/37/ac/37acdb63984ae7876a050431add914f6.jpg"
"Панда в маечке с бамбуком";"";"873B";"RUB";"499";"1";"";"";"";"";"";"Панда в маечке с бамбуком";"";"";"panda-v-maechke-s-bambukom";"";"";"Высота: 22 см";"http://www.lavatoys.ru/media/thumbs/f6/8c/f68ce94070b0057a0b843ca17fbbea85.jpg"
"!!Петухи";"";"";"";"";"";"";"";"";"";"";"";"";"";"";"";"";""
"Петушок мини";"";"1281s";"RUB";"29";"1";"149";"";"";"";"";"Петушок мини";"";"";"petushok-mini";"";"";"Высота: 13 см";"http://www.lavatoys.ru/media/thumbs/a2/32/a2320adfab6e49d712db1b693a1cc083.jpg"
"Курочка Полинка";"";"1275";"RUB";"69";"1";"299";"";"";"";"";"Курочка Полинка";"";"";"kurochka-polinka";"";"";"Высота: 19 см";"http://www.lavatoys.ru/media/thumbs/3d/9e/3d9e157ca1ab0cf35d03db4e0d48b62f.jpg"
"Курочка мини";"";"8851s";"RUB";"19";"1";"169";"";"";"";"";"Курочка мини";"";"";"kurochka-mini";"";"";"Высота: 12 см";"http://www.lavatoys.ru/media/thumbs/b1/63/b1632a00b24a3c28580e708a23051b2c.jpg"
"!!Поросята";"";"";"";"";"";"";"";"";"";"";"";"";"";"";"";"";""
"Свинка с поросятами";"";"8298";"RUB";"399";"1";"699";"";"";"";"";"Свинка с поросятами";"";"";"svinka-s-porosyatami";"";"";"Высота: 27 см";"http://www.lavatoys.ru/media/thumbs/ab/42/ab4296634575c65ef34c681cda89cdc8.jpg"
"Свинка Дуняша с бантиком";"";"8588";"RUB";"199";"1";"499";"";"";"";"";"Свинка Дуняша с бантиком";"";"";"svinka-dunyasha-s-bantikom";"";"";"Высота: 19 см";"http://www.lavatoys.ru/media/thumbs/b1/aa/b1aa9541bcd467ce4eb6b349ddb8fb00.jpg"
"Поросёнок в комбинезоне";"";"1007";"RUB";"299";"1";"499";"";"";"";"";"Поросёнок в комбинезоне";"";"";"porosёnok-v-kombinezone";"";"";"Высота: 19,5 см";"http://www.lavatoys.ru/media/thumbs/1f/a6/1fa6e021bf98c96bb970450f1858079d.jpg"
"!!Птицы";"";"";"";"";"";"";"";"";"";"";"";"";"";"";"";"";""
"Утка с утёнком пушистая";"";"002A";"RUB";"299";"1";"599";"";"";"";"";"Утка с утёнком пушистая";"";"";"utka-s-utёnkom-pushistaya";"";"";"Высота: 23 см";"http://www.lavatoys.ru/media/thumbs/36/bf/36bf14f3606942e45dbe38a987f570c1.jpg"
"Утка пушистая";"";"1091";"RUB";"299";"1";"549";"";"";"";"";"Утка пушистая";"";"";"utka-pushistaya";"";"";"Высота: 26 см";"http://www.lavatoys.ru/media/thumbs/28/7c/287c7f363b3d14259edc127af04c99ec.jpg"
"Страус пушистый";"";"426";"RUB";"299";"1";"599";"";"";"";"";"Страус пушистый";"";"";"straus-pushistyy";"";"";"Высота: 28 см";"http://www.lavatoys.ru/media/thumbs/91/56/9156d78945a164082c8b4f800573f0ec.jpg"
"Сова Агата";"";"1189";"RUB";"399";"1";"599";"";"";"";"";"Сова Агата";"";"";"sova-agata";"";"";"Высота: 20 см";"http://www.lavatoys.ru/media/thumbs/6e/32/6e32f94938e94dd7062150517a915477.jpg"
"Попугай Ара";"";"1247";"RUB";"369";"1";"";"";"";"";"";"Попугай Ара";"";"";"popugay-ara";"";"";"Высота: 24 см";"http://www.lavatoys.ru/media/thumbs/07/cf/07cfff66f2aaa2c2a1d39254d57bc65a.jpg"
"Попугай";"";"1192";"RUB";"199";"1";"399";"";"";"";"";"Попугай";"";"";"popugay";"";"";"Высота: 21 см";"http://www.lavatoys.ru/media/thumbs/81/3c/813c053a3de2473892714c16852c57d9.jpg"
"Пингвинёнок Мими";"";"1246";"RUB";"399";"1";"";"";"";"";"";"Пингвинёнок Мими";"";"";"pingvinёnok-mimi";"";"";"Высота: 24 см";"http://www.lavatoys.ru/media/thumbs/05/61/0561f334f9e3208e5b9da9aa68af4b54.jpg"
"Пингвинёнок";"";"8716";"RUB";"299";"1";"469";"";"";"";"";"Пингвинёнок";"";"";"pingvinёnok";"";"";"Высота: 18 см";"http://www.lavatoys.ru/media/thumbs/61/e2/61e28531aa6475788657f16c878e1685.jpg"
"Пингвин в наушниках";"";"1109";"RUB";"369";"1";"569";"";"";"";"";"Пингвин в наушниках";"";"";"pingvin-v-naushnikakh";"";"";"Высота: 23 см";"http://www.lavatoys.ru/media/thumbs/40/55/40552aba3f2fa67810ab53266f7a4af1.jpg"
"!!Слоны";"";"";"";"";"";"";"";"";"";"";"";"";"";"";"";"";""
"Слоник с цветами";"";"8670";"RUB";"299";"1";"499";"";"";"";"";"Слоник с цветами";"";"";"slonik-s-tsvetami";"";"";"Высота: 21 см";"http://www.lavatoys.ru/media/thumbs/f2/66/f2669dc884af42ab9d8468592fd45ef9.jpg"
"Слоник с веночком";"";"805";"RUB";"399";"1";"599";"";"";"";"";"Слоник с веночком";"";"";"slonik-s-venochkom";"";"";"Высота: 24 см";"http://www.lavatoys.ru/media/thumbs/9e/70/9e703c9333cf27f45bb9db0271f47237.jpg"
"Слоник декоративный";"";"877";"RUB";"299";"1";"499";"";"";"";"";"Слоник декоративный";"";"";"slonik-dekorativnyy";"";"";"Высота: 21 см";"http://www.lavatoys.ru/media/thumbs/96/e9/96e9490bed7e2ac6bd9e0b6fd0ffaf91.jpg"
"Слоник в маечке";"";"878";"RUB";"299";"1";"499";"";"";"";"";"Слоник в маечке";"";"";"slonik-v-maechke";"";"";"Высота: 21,5 см";"http://www.lavatoys.ru/media/thumbs/f3/28/f328a75e4c3fde5e571c139adb4a22ee.jpg"
"Слоник в кофточке";"";"8573";"RUB";"299";"1";"499";"";"";"";"";"Слоник в кофточке";"";"";"slonik-v-koftochke";"";"";"Высота: 22 см";"http://www.lavatoys.ru/media/thumbs/29/45/2945d04a3062cc61a8bf8df627b626df.jpg"
"Слонёнок в футболке";"";"720";"RUB";"249";"1";"499";"";"";"";"";"Слонёнок в футболке";"";"";"slonёnok-v-futbolke";"";"";"Высота: 20 см";"http://www.lavatoys.ru/media/thumbs/52/6a/526abf445bfdd34a37454c0ec42b75aa.jpg"
"Слонёнок в ползунках";"";"484";"RUB";"299";"1";"599";"";"";"";"";"Слонёнок в ползунках";"";"";"slonёnok-v-polzunkakh";"";"";"Высота: 23 см";"http://www.lavatoys.ru/media/thumbs/33/fc/33fc5f14761dd375b95812b1002aa764.jpg"
"!!Собаки";"";"";"";"";"";"";"";"";"";"";"";"";"";"";"";"";""
"Щенок Тимоша";"";"1234";"RUB";"299";"1";"499";"";"";"";"";"Щенок Тимоша";"";"";"shchenok-timosha";"";"";"Высота: 20 см";"http://www.lavatoys.ru/media/thumbs/c6/f9/c6f914c9c30dae5d52c950bd356b141e.jpg"
"Щенок танцующий";"";"8764s";"RUB";"369";"1";"639";"";"";"";"";"Щенок танцующий";"";"";"shchenok-tantsuyushchiy";"";"";"Высота: 15 см";"http://www.lavatoys.ru/media/thumbs/4e/d5/4ed5818f92988c78f2636c6786fb9a50.jpg"
"Щенок с шарфом";"";"953";"RUB";"319";"1";"499";"";"";"";"";"Щенок с шарфом";"";"";"shchenok-s-sharfom";"";"";"Высота: 21 см";"http://www.lavatoys.ru/media/thumbs/25/3a/253a23df23f804552260a5eca0f9b4a7.jpg"
"Щенок с ошейником";"";"1002";"RUB";"369";"1";"599";"";"";"";"";"Щенок с ошейником";"";"";"shchenok-s-osheynikom";"";"";"Высота: 24 см";"http://www.lavatoys.ru/media/thumbs/cb/1c/cb1c9717d555e4f9e65569f7f0808597.jpg"
"Щенок с лохматыми ушками стоящий";"";"1063";"RUB";"399";"1";"599";"";"";"";"";"Щенок с лохматыми ушками стоящий";"";"";"shchenok-s-lokhmatymi-ushkami-stoyashchiy";"";"";"Высота: 23 см";"http://www.lavatoys.ru/media/thumbs/0f/e1/0fe187f31b13b47f54f9fe65d0624282.jpg"
"Щенок с лохматыми ушками";"";"479";"RUB";"399";"1";"599";"";"";"";"";"Щенок с лохматыми ушками";"";"";"shchenok-s-lokhmatymi-ushkami";"";"";"Высота: 23 см";"http://www.lavatoys.ru/media/thumbs/fd/db/fddb0cf5fd16543bcb3e6a9c9cb8e3a4.jpg"
"Щенок Рекс";"";"1027";"RUB";"369";"1";"569";"";"";"";"";"Щенок Рекс";"";"";"shchenok-reks";"";"";"Высота: 20 см";"http://www.lavatoys.ru/media/thumbs/30/16/301609b72b2574c100d818854302616b.jpg"
"Щенок коричневый сидящий";"";"8782";"RUB";"239";"1";"339";"";"";"";"";"Щенок коричневый сидящий";"";"";"shchenok-korichnevyy-sidyashchiy";"";"";"Высота: 17 см";"http://www.lavatoys.ru/media/thumbs/86/61/866147e9688d1aa482883c67abed105c.jpg"
"Щенок Дружок";"";"1018";"RUB";"339";"1";"469";"";"";"";"";"Щенок Дружок";"";"";"shchenok-druzhok";"";"";"Высота: 19 см";"http://www.lavatoys.ru/media/thumbs/43/e5/43e545f864e7318ae0d2bc216865355f.jpg"
"Щенок двухцветный";"";"1013";"RUB";"399";"1";"799";"";"";"";"";"Щенок двухцветный";"";"";"shchenok-dvukhtsvetnyy";"";"";"Высота: 35 см";"http://www.lavatoys.ru/media/thumbs/0c/6a/0c6aeba81a477923cf8ee139e9f6e3ab.jpg"
"Щенок Грэй";"";"1237";"RUB";"399";"1";"499";"";"";"";"";"Щенок Грэй";"";"";"shchenok-grey";"";"";"Высота: 20 см";"http://www.lavatoys.ru/media/thumbs/50/41/5041e1888eaf20c0dffc449121802763.jpg"
"Щенок";"";"1243s";"RUB";"269";"1";"369";"";"";"";"";"Щенок";"";"";"shchenok";"";"";"Высота: 14 см";"http://www.lavatoys.ru/media/thumbs/3d/87/3d877870c96de68ee3c562f45fdacdb7.jpg"
"Чихуахуа Мона";"";"1252";"RUB";"299";"1";"429";"";"";"";"";"Чихуахуа Мона";"";"";"chikhuakhua-mona";"";"";"Высота: 22 см";"http://www.lavatoys.ru/media/thumbs/ff/a8/ffa88b4a0fce9d8c9c7219ac1c5b7360.jpg"
"Хаски сидящий малый";"";"1271";"RUB";"539";"1";"";"";"";"";"";"Хаски сидящий малый";"";"";"khaski-sidyashchiy-malyy";"";"";"Высота: 72 шт.";"http://www.lavatoys.ru/media/thumbs/c5/39/c539da556c9dbaa9347276d4874484f9.jpg"
"Хаски малый";"";"1251";"RUB";"299";"1";"439";"";"";"";"";"Хаски малый";"";"";"khaski-malyy";"";"";"Высота: 18 см";"http://www.lavatoys.ru/media/thumbs/6c/db/6cdb90c75493812d1ab6a4d29fffec35.jpg"
"Фокстерьер стоящий";"";"8143";"RUB";"299";"1";"599";"";"";"";"";"Фокстерьер стоящий";"";"";"foksterer-stoyashchiy";"";"";"Высота: 22 см";"http://www.lavatoys.ru/media/thumbs/64/95/649587a226cd51d0a7d463dbcbb425a7.jpg"
"Такса в кофточке";"";"8711";"RUB";"239";"1";"369";"";"";"";"";"Такса в кофточке";"";"";"taksa-v-koftochke";"";"";"Высота: 17 см";"http://www.lavatoys.ru/media/thumbs/18/a6/18a6cf68c1bdbc733897f18f2d65c7a8.jpg"
"Собачка смешная большая";"";"8025B";"RUB";"349";"1";"699";"";"";"";"";"Собачка смешная большая";"";"";"sobachka-smeshnaya-bolshaya";"";"";"Высота: 30 см";"http://www.lavatoys.ru/media/thumbs/d8/5d/d85db599492d8be19461de497a7dc3d0.jpg"
"Собачка Джули";"";"1242";"RUB";"299";"1";"599";"";"";"";"";"Собачка Джули";"";"";"sobachka-dzhuli";"";"";"Высота: 20 см";"http://www.lavatoys.ru/media/thumbs/5f/6d/5f6d55bb4171010ac00990f271b229fc.jpg"
"Сенбернар нежный";"";"525";"RUB";"469";"1";"599";"";"";"";"";"Сенбернар нежный";"";"";"senbernar-nezhnyy";"";"";"Высота: 22 см";"http://www.lavatoys.ru/media/thumbs/71/2e/712e7cd0708a3327624f57fc78d4fe33.jpg"
"Сенбернар малый";"";"1026";"RUB";"299";"1";"469";"";"";"";"";"Сенбернар малый";"";"";"senbernar-malyy";"";"";"Высота: 19 см";"http://www.lavatoys.ru/media/thumbs/09/bf/09bf3e8b667f0945b8fc22ed966574e8.jpg"
"Пудель стоящий в одежде";"";"8774";"RUB";"319";"1";"399";"";"";"";"";"Пудель стоящий в одежде";"";"";"pudel-stoyashchiy-v-odezhde";"";"";"Высота: 21 см";"http://www.lavatoys.ru/media/thumbs/e0/13/e0138b88e26ecdd68d86bfc9de0fd053.jpg"
"Пудель сидящий";"";"8615";"RUB";"369";"1";"499";"";"";"";"";"Пудель сидящий";"";"";"pudel-sidyashchiy";"";"";"Высота: 23 см";"http://www.lavatoys.ru/media/thumbs/bc/7d/bc7d094fc6479b9babc6ba44f41ca6e9.jpg"
"Пудель с бантиками";"";"8531";"RUB";"269";"1";"369";"";"";"";"";"Пудель с бантиками";"";"";"pudel-s-bantikami";"";"";"Высота: 21 см";"http://www.lavatoys.ru/media/thumbs/39/fa/39fa0bda8b111f2144b90b6769b23028.jpg"
"Пудель пушистый натуральный";"";"1146";"RUB";"369";"1";"539";"";"";"";"";"Пудель пушистый натуральный";"";"";"pudel-pushistyy-naturalnyy";"";"";"Высота: 24 см";"http://www.lavatoys.ru/media/thumbs/d6/d6/d6d669f8c8aa063e855d27444d930c30.jpg"
"Пудель пушистый";"";"1087";"RUB";"439";"1";"699";"";"";"";"";"Пудель пушистый";"";"";"pudel-pushistyy";"";"";"Высота: 26 см";"http://www.lavatoys.ru/media/thumbs/23/54/2354116046fe8dfb4dcdd2f4f9d4b6bf.jpg"
"Пудель";"";"8751";"RUB";"299";"1";"699";"";"";"";"";"Пудель";"";"";"pudel";"";"";"Высота: 26 см";"http://www.lavatoys.ru/media/thumbs/2b/eb/2bebf3659712133db755978eacebc9eb.jpg"
"Пинчер";"";"1142";"RUB";"199";"1";"429";"";"";"";"";"Пинчер";"";"";"pincher";"";"";"Высота: 22 см";"http://www.lavatoys.ru/media/thumbs/bc/23/bc23cecb0634987af7db596544a007de.jpg"
"Пёс в жилетке";"";"1135";"RUB";"299";"1";"499";"";"";"";"";"Пёс в жилетке";"";"";"pёs-v-zhiletke";"";"";"Высота: 21 см";"http://www.lavatoys.ru/media/thumbs/58/c4/58c49575b846cd53cede2ea1f9ef0685.jpg"
"Далматин малый";"";"8785";"RUB";"239";"1";"339";"";"";"";"";"Далматин малый";"";"";"dalmatin-malyy";"";"";"Высота: 16 см";"http://www.lavatoys.ru/media/thumbs/a2/be/a2bee726efa4f11ebf8ac422c876c1fb.jpg"
"Далматин лежащий";"";"1224";"RUB";"349";"1";"699";"";"";"";"";"Далматин лежащий";"";"";"dalmatin-lezhashchiy";"";"";"Высота: 30 см";"http://www.lavatoys.ru/media/thumbs/da/e5/dae5d9cdfe97fa4fa81743cac433caf4.jpg"
"Волк-модник";"";"571";"RUB";"599";"1";"899";"";"";"";"";"Волк-модник";"";"";"volk-modnik";"";"";"Высота: 29,5 см";"http://www.lavatoys.ru/media/thumbs/e0/0a/e00ab0b3c6147bf304d831469c47ec81.jpg"
"Бульдог стоящий";"";"1272";"RUB";"299";"1";"499";"";"";"";"";"Бульдог стоящий";"";"";"buldog-stoyashchiy";"";"";"Высота: 22 см";"http://www.lavatoys.ru/media/thumbs/08/b7/08b7f743fcf7198475a35b6049249996.jpg"
"Бульдог";"";"1238";"RUB";"469";"1";"669";"";"";"";"";"Бульдог";"";"";"buldog";"";"";"Высота: 22 см";"http://www.lavatoys.ru/media/thumbs/6d/74/6d74e903d07170edec3831fb2f77d3c3.jpg"
"Бигль";"";"1233";"RUB";"299";"1";"599";"";"";"";"";"Бигль";"";"";"bigl";"";"";"Высота: 27 см";"http://www.lavatoys.ru/media/thumbs/95/74/9574762b29f99435fc0b936fad3a036e.jpg"
"!!Солнце";"";"";"";"";"";"";"";"";"";"";"";"";"";"";"";"";""
"Солнышко с хвостиками";"";"8230";"RUB";"199";"1";"299";"";"";"";"";"Солнышко с хвостиками";"";"";"solnyshko-s-khvostikami";"";"";"Высота: 27 см";"http://www.lavatoys.ru/media/thumbs/c1/b7/c1b7f1089077666336d68f0ccc6740d5.jpg"
"Солнце";"";"8069";"RUB";"199";"1";"299";"";"";"";"";"Солнце";"";"";"solntse";"";"";"Высота: 27 см";"http://www.lavatoys.ru/media/thumbs/37/eb/37ebcdd979b685e0f728ec48b94f538d.jpg"
"!!Сурикаты";"";"";"";"";"";"";"";"";"";"";"";"";"";"";"";"";""
"Сурикат";"";"8790";"RUB";"199";"1";"479";"";"";"";"";"Сурикат";"";"";"surikat";"";"";"Высота: 26 см";"http://www.lavatoys.ru/media/thumbs/c0/59/c0594b6452bcf8014e9e75c0378ca7ac.jpg"
"!!Суслики";"";"";"";"";"";"";"";"";"";"";"";"";"";"";"";"";""
"Суслик";"";"1256";"RUB";"299";"1";"399";"";"";"";"";"Суслик";"";"";"suslik";"";"";"Высота: 21 см";"http://www.lavatoys.ru/media/thumbs/3e/7b/3e7bcf914e8a5f3680b6b8a44f968398.jpg"
"!!Тигры";"";"";"";"";"";"";"";"";"";"";"";"";"";"";"";"";""
"Тигрёнок-игрун";"";"8479";"RUB";"299";"1";"439";"";"";"";"";"Тигрёнок-игрун";"";"";"tigrёnok-igrun";"";"";"Высота: 18 см";"http://www.lavatoys.ru/media/thumbs/7a/6c/7a6cad7f702642502cb304b1d7cd3e7a.jpg"
"Тигрёнок стоящий";"";"1270";"RUB";"299";"1";"";"";"";"";"";"Тигрёнок стоящий";"";"";"tigrёnok-stoyashchiy";"";"";"Высота: 17 см";"http://www.lavatoys.ru/media/thumbs/c1/20/c12086c6257b83dbf861c8959736cd90.jpg"
"Тигрёнок Рома малый";"";"908A";"RUB";"299";"1";"439";"";"";"";"";"Тигрёнок Рома малый";"";"";"tigrёnok-roma-malyy";"";"";"Высота: 19 см";"http://www.lavatoys.ru/media/thumbs/c2/fc/c2fcfddb8f50cd6d73e9246121e7b866.jpg"
"Тигрёнок натуральный";"";"1184";"RUB";"299";"1";"499";"";"";"";"";"Тигрёнок натуральный";"";"";"tigrёnok-naturalnyy";"";"";"Высота: 20 см";"http://www.lavatoys.ru/media/thumbs/34/72/34722b2d27cc56e7b7d9b07004082b2f.jpg"
"Тигрёнок лежащий";"";"1257";"RUB";"399";"1";"469";"";"";"";"";"Тигрёнок лежащий";"";"";"tigrёnok-lezhashchiy";"";"";"Высота: 25 см";"http://www.lavatoys.ru/media/thumbs/13/21/1321db16be45ef4be24a9c8d41b2d62a.jpg"
"Леопард лежащий";"";"1187";"RUB";"399";"1";"799";"";"";"";"";"Леопард лежащий";"";"";"leopard-lezhashchiy";"";"";"Высота: 38 см";"http://www.lavatoys.ru/media/thumbs/75/1e/751e926e1f109925e3d9386d3f82f8e6.jpg"
"!!Цветы";"";"";"";"";"";"";"";"";"";"";"";"";"";"";"";"";""
"Цветок танцующий";"";"8339s";"RUB";"199";"1";"799";"";"";"";"";"Цветок танцующий";"";"";"tsvetok-tantsuyushchiy";"";"";"Высота: 38 см";"http://www.lavatoys.ru/media/thumbs/42/ab/42abceeb9491db3ad791534999b915d7.jpg"
"Цветок с бутонами";"";"8766s";"RUB";"199";"1";"399";"";"";"";"";"Цветок с бутонами";"";"";"tsvetok-s-butonami";"";"";"Высота: 27 см";"http://www.lavatoys.ru/media/thumbs/39/a9/39a9a3c599f5252309a71898ccbdc91e.jpg"
"Цветок нежный";"";"8691";"RUB";"199";"1";"399";"";"";"";"";"Цветок нежный";"";"";"tsvetok-nezhnyy";"";"";"Высота: 22 см";"http://www.lavatoys.ru/media/thumbs/53/9d/539d9b30046782d1b77b103b2a3f610c.jpg"
"Подсолнух с божьей коровкой в горшке";"";"8692";"RUB";"199";"1";"399";"";"";"";"";"Подсолнух с божьей коровкой в горшке";"";"";"podsolnukh-s-bozhey-korovkoy-v-gorshke";"";"";"Высота: 25 см";"http://www.lavatoys.ru/media/thumbs/a4/79/a4796b16e60cd68411e0a52c64ebc63d.jpg"
"Подсолнух с божьей коровкой";"";"8673";"RUB";"139";"1";"319";"";"";"";"";"Подсолнух с божьей коровкой";"";"";"podsolnukh-s-bozhey-korovkoy";"";"";"Высота: 28 см";"http://www.lavatoys.ru/media/thumbs/5c/9e/5c9eb417291abc45ec6ef9b951afd3a3.jpg"
"Подсолнух";"";"8065";"RUB";"159";"1";"319";"";"";"";"";"Подсолнух";"";"";"podsolnukh";"";"";"Высота: 30 см";"http://www.lavatoys.ru/media/thumbs/19/e1/19e15828275ce0dcf38a6b776ef1c27a.jpg"
"Земляника / цветок";"";"8496s";"RUB";"199";"1";"399";"";"";"";"";"Земляника / цветок";"";"";"zemlyanika--tsvetok";"";"";"Высота: 25 см";"http://www.lavatoys.ru/media/thumbs/8f/a7/8fa7f28c4ea7b9aea72c1edea7353e1a.jpg"
"Земляника";"";"8122s";"RUB";"199";"1";"399";"";"";"";"";"Земляника";"";"";"zemlyanika";"";"";"Высота: 20 см";"http://www.lavatoys.ru/media/thumbs/b1/26/b126cab70e0e600a5b3f337fe45172df.jpg"
"!!Черепахи";"";"";"";"";"";"";"";"";"";"";"";"";"";"";"";"";""
"Черепашка цветная";"";"8602";"RUB";"299";"1";"499";"";"";"";"";"Черепашка цветная";"";"";"cherepashka-tsvetnaya";"";"";"Высота: 24 см";"http://www.lavatoys.ru/media/thumbs/8a/ae/8aae87ffb079f55197e2564f36a755ff.jpg"
"Черепашка ситцевая";"";"1195";"RUB";"69";"1";"319";"";"";"";"";"Черепашка ситцевая";"";"";"cherepashka-sittsevaya";"";"";"Высота: 19 см";"http://www.lavatoys.ru/media/thumbs/e4/aa/e4aacf8028aae800f72adbc3a6f98109.jpg"
"Черепашка с зелёным панцирем";"";"1154";"RUB";"499";"1";"";"";"";"";"";"Черепашка с зелёным панцирем";"";"";"cherepashka-s-zelёnym-pantsirem";"";"";"Высота: 72 шт.";"http://www.lavatoys.ru/media/thumbs/ee/de/eedeaed555b092ab301642630033131c.jpg"
"Черепаха сидящая";"";"8012";"RUB";"269";"1";"469";"";"";"";"";"Черепаха сидящая";"";"";"cherepakha-sidyashchaya";"";"";"Высота: 22 см";"http://www.lavatoys.ru/media/thumbs/9b/a1/9ba104954cf702d59537b200dffe8707.jpg"
"Черепаха в шляпке";"";"1215";"RUB";"199";"1";"499";"";"";"";"";"Черепаха в шляпке";"";"";"cherepakha-v-shlyapke";"";"";"Высота: 24 см";"http://www.lavatoys.ru/media/thumbs/f6/00/f6007b3992cc33715e70c44e4241e8c4.jpg"
